-- phpMyAdmin SQL Dump
-- version 4.1.12
-- http://www.phpmyadmin.net
--
-- Host: 127.0.0.1
-- Generation Time: May 11, 2016 at 04:59 AM
-- Server version: 5.6.16
-- PHP Version: 5.5.11

SET SQL_MODE = "NO_AUTO_VALUE_ON_ZERO";
SET time_zone = "+00:00";


/*!40101 SET @OLD_CHARACTER_SET_CLIENT=@@CHARACTER_SET_CLIENT */;
/*!40101 SET @OLD_CHARACTER_SET_RESULTS=@@CHARACTER_SET_RESULTS */;
/*!40101 SET @OLD_COLLATION_CONNECTION=@@COLLATION_CONNECTION */;
/*!40101 SET NAMES utf8 */;

--
-- Database: `raw`
--

-- --------------------------------------------------------

--
-- Table structure for table `cirms_sessions`
--

CREATE TABLE IF NOT EXISTS `cirms_sessions` (
  `id` varchar(40) NOT NULL,
  `ip_address` varchar(45) NOT NULL,
  `timestamp` int(10) unsigned NOT NULL DEFAULT '0',
  `data` text NOT NULL,
  PRIMARY KEY (`id`),
  KEY `ci_sessions_timestamp` (`timestamp`)
) ENGINE=InnoDB DEFAULT CHARSET=latin1;

--
-- Dumping data for table `cirms_sessions`
--

INSERT INTO `cirms_sessions` (`id`, `ip_address`, `timestamp`, `data`) VALUES
('09c86bd3ed1c16c4ee545d33263127c8f129eed7', '::1', 1455535965, '__ci_last_regenerate|i:1455535965;id|s:1:"1";emp_id|s:6:"CIT121";firstname|s:7:"Rolando";lastname|s:6:"Tindoy";contact_no|s:3:"111";cluster_id|s:1:"5";user_type|s:10:"superadmin";access_rights|s:16:"ultimate_control";avatar|s:41:"assets/images/avatars/default_profile.png";is_logged_in|b:1;sidebar_status|s:6:"active";pass_alert|b:0;'),
('0d9f28417d8bc05837022990c4fbca2c1da8a6ed', '::1', 1455368502, '__ci_last_regenerate|i:1455368287;id|s:1:"1";emp_id|s:6:"CIT121";firstname|s:7:"Rolando";lastname|s:6:"Tindoy";contact_no|s:3:"111";cluster_id|s:1:"5";user_type|s:10:"superadmin";access_rights|s:16:"ultimate_control";avatar|s:41:"assets/images/avatars/default_profile.png";is_logged_in|b:1;sidebar_status|s:6:"active";pass_alert|b:0;'),
('184afa8a4050dbc2dca14515a5bb87f825072667', '::1', 1455537771, '__ci_last_regenerate|i:1455537771;id|s:1:"1";emp_id|s:6:"CIT121";firstname|s:7:"Rolando";lastname|s:6:"Tindoy";contact_no|s:3:"111";cluster_id|s:1:"5";user_type|s:10:"superadmin";access_rights|s:16:"ultimate_control";avatar|s:41:"assets/images/avatars/default_profile.png";is_logged_in|b:1;sidebar_status|s:6:"active";pass_alert|b:0;'),
('187d809e86bbe94e32a07f42600928277244ecba', '::1', 1455116943, '__ci_last_regenerate|i:1455116943;id|s:1:"7";emp_id|s:13:"CIT2008-80245";firstname|s:7:"Michael";lastname|s:8:"Amaleona";contact_no|s:11:"09325421343";cluster_id|s:1:"5";user_type|s:7:"encoder";access_rights|s:3:"add";avatar|s:41:"assets/images/avatars/default_profile.png";is_logged_in|b:1;sidebar_status|s:6:"active";pass_alert|b:0;'),
('19658be7e6dbf738d899c64b9830657380b91703', '::1', 1455108365, '__ci_last_regenerate|i:1455108365;id|s:1:"1";emp_id|s:6:"CIT121";firstname|s:7:"Rolando";lastname|s:6:"Tindoy";contact_no|s:3:"111";cluster_id|s:1:"5";user_type|s:10:"superadmin";access_rights|s:16:"ultimate_control";avatar|s:41:"assets/images/avatars/default_profile.png";is_logged_in|b:1;sidebar_status|s:6:"active";pass_alert|b:0;'),
('1b8e705b2ee2ecc7067b2b4e6ec37f42ca9b4655', '::1', 1455115892, '__ci_last_regenerate|i:1455115892;id|s:1:"7";emp_id|s:13:"CIT2008-80245";firstname|s:7:"Michael";lastname|s:8:"Amaleona";contact_no|s:11:"09325421343";cluster_id|s:1:"5";user_type|s:7:"encoder";access_rights|s:3:"add";avatar|s:41:"assets/images/avatars/default_profile.png";is_logged_in|b:1;sidebar_status|s:6:"active";pass_alert|b:0;'),
('21e291b43a044a0e4ff210bda7fd25a1dc5de2f3', '::1', 1455447735, '__ci_last_regenerate|i:1455447734;id|s:1:"1";emp_id|s:6:"CIT121";firstname|s:7:"Rolando";lastname|s:6:"Tindoy";contact_no|s:3:"111";cluster_id|s:1:"5";user_type|s:10:"superadmin";access_rights|s:16:"ultimate_control";avatar|s:41:"assets/images/avatars/default_profile.png";is_logged_in|b:1;sidebar_status|s:6:"active";pass_alert|b:0;'),
('2464d6f76cbf52b7c481d800e869714ca596b63d', '::1', 1455112405, '__ci_last_regenerate|i:1455112405;id|s:1:"7";emp_id|s:13:"CIT2008-80245";firstname|s:7:"Michael";lastname|s:8:"Amaleona";contact_no|s:11:"09325421343";cluster_id|s:1:"5";user_type|s:7:"encoder";access_rights|s:3:"add";avatar|s:41:"assets/images/avatars/default_profile.png";is_logged_in|b:1;sidebar_status|s:6:"active";pass_alert|b:0;'),
('29a631be53bbbc7a3b7b7acc186dea93b4e4d2fd', '::1', 1455121037, '__ci_last_regenerate|i:1455120536;id|s:1:"1";emp_id|s:6:"CIT121";firstname|s:7:"Rolando";lastname|s:6:"Tindoy";contact_no|s:3:"111";cluster_id|s:1:"5";user_type|s:10:"superadmin";access_rights|s:16:"ultimate_control";avatar|s:41:"assets/images/avatars/default_profile.png";is_logged_in|b:1;sidebar_status|s:6:"active";pass_alert|b:0;'),
('311b4e715f300bc7edab6cc1c967c00e9be60cbe', '::1', 1455117699, '__ci_last_regenerate|i:1455117699;id|s:1:"7";emp_id|s:13:"CIT2008-80245";firstname|s:7:"Michael";lastname|s:8:"Amaleona";contact_no|s:11:"09325421343";cluster_id|s:1:"5";user_type|s:7:"encoder";access_rights|s:3:"add";avatar|s:41:"assets/images/avatars/default_profile.png";is_logged_in|b:1;sidebar_status|s:6:"active";pass_alert|b:0;'),
('335bd3f90529fc592548708c6a6d102ddce43cfe', '::1', 1455115175, '__ci_last_regenerate|i:1455115175;id|s:1:"7";emp_id|s:13:"CIT2008-80245";firstname|s:7:"Michael";lastname|s:8:"Amaleona";contact_no|s:11:"09325421343";cluster_id|s:1:"5";user_type|s:7:"encoder";access_rights|s:3:"add";avatar|s:41:"assets/images/avatars/default_profile.png";is_logged_in|b:1;sidebar_status|s:6:"active";pass_alert|b:0;'),
('36f0026298680723556f7eb8fbe63fb2ab323b27', '::1', 1455107284, '__ci_last_regenerate|i:1455107284;id|s:1:"1";emp_id|s:6:"CIT121";firstname|s:7:"Rolando";lastname|s:6:"Tindoy";contact_no|s:3:"111";cluster_id|s:1:"5";user_type|s:10:"superadmin";access_rights|s:16:"ultimate_control";avatar|s:65:"assets/images/avatars/CIT121/79364e4034e026b3c66bc71eeeed83d5.PNG";is_logged_in|b:1;sidebar_status|s:6:"active";pass_alert|b:0;'),
('40b85724fa0c05733e5ccba933623f282c2ecfb7', '::1', 1455118980, '__ci_last_regenerate|i:1455118980;id|s:1:"1";emp_id|s:6:"CIT121";firstname|s:7:"Rolando";lastname|s:6:"Tindoy";contact_no|s:3:"111";cluster_id|s:1:"5";user_type|s:10:"superadmin";access_rights|s:16:"ultimate_control";avatar|s:41:"assets/images/avatars/default_profile.png";is_logged_in|b:1;sidebar_status|s:6:"active";pass_alert|b:0;'),
('424f37944ba648c0593fb3f114ed3c1d71acc502', '::1', 1455446920, '__ci_last_regenerate|i:1455446920;id|s:1:"1";emp_id|s:6:"CIT121";firstname|s:7:"Rolando";lastname|s:6:"Tindoy";contact_no|s:3:"111";cluster_id|s:1:"5";user_type|s:10:"superadmin";access_rights|s:16:"ultimate_control";avatar|s:41:"assets/images/avatars/default_profile.png";is_logged_in|b:1;sidebar_status|s:6:"active";pass_alert|b:0;'),
('45d9c2d9a798d81e9da1141f75150ec7d73ca597', '::1', 1455536732, '__ci_last_regenerate|i:1455536732;id|s:1:"1";emp_id|s:6:"CIT121";firstname|s:7:"Rolando";lastname|s:6:"Tindoy";contact_no|s:3:"111";cluster_id|s:1:"5";user_type|s:10:"superadmin";access_rights|s:16:"ultimate_control";avatar|s:41:"assets/images/avatars/default_profile.png";is_logged_in|b:1;sidebar_status|s:6:"active";pass_alert|b:0;'),
('46bace3a2f7091bfe18b37cf3ef1e3ca10541621', '::1', 1455120794, '__ci_last_regenerate|i:1455120794;id|s:1:"7";emp_id|s:13:"CIT2008-80245";firstname|s:7:"Michael";lastname|s:8:"Amaleona";contact_no|s:11:"09325421343";cluster_id|s:1:"5";user_type|s:7:"encoder";access_rights|s:3:"add";avatar|s:41:"assets/images/avatars/default_profile.png";is_logged_in|b:1;sidebar_status|s:0:"";pass_alert|b:0;'),
('4783053a2f94ac1d6c81a49bbc23809d01e0f1c9', '::1', 1455537033, '__ci_last_regenerate|i:1455537033;id|s:1:"1";emp_id|s:6:"CIT121";firstname|s:7:"Rolando";lastname|s:6:"Tindoy";contact_no|s:3:"111";cluster_id|s:1:"5";user_type|s:10:"superadmin";access_rights|s:16:"ultimate_control";avatar|s:41:"assets/images/avatars/default_profile.png";is_logged_in|b:1;sidebar_status|s:6:"active";pass_alert|b:0;'),
('4e5ad93c25a542a6fe40c376c24e9089f2771ce8', '::1', 1455119179, '__ci_last_regenerate|i:1455119179;id|s:1:"7";emp_id|s:13:"CIT2008-80245";firstname|s:7:"Michael";lastname|s:8:"Amaleona";contact_no|s:11:"09325421343";cluster_id|s:1:"5";user_type|s:7:"encoder";access_rights|s:3:"add";avatar|s:41:"assets/images/avatars/default_profile.png";is_logged_in|b:1;sidebar_status|s:6:"active";pass_alert|b:0;'),
('4fc202a74224e74f51a2b6d5e24cc72ad9069c74', '::1', 1455112833, '__ci_last_regenerate|i:1455112833;id|s:1:"7";emp_id|s:13:"CIT2008-80245";firstname|s:7:"Michael";lastname|s:8:"Amaleona";contact_no|s:11:"09325421343";cluster_id|s:1:"5";user_type|s:7:"encoder";access_rights|s:3:"add";avatar|s:41:"assets/images/avatars/default_profile.png";is_logged_in|b:1;sidebar_status|s:6:"active";pass_alert|b:0;'),
('5c88c6f00c5f14183aafdb3666c5ecdb898f7bcd', '::1', 1455118492, '__ci_last_regenerate|i:1455118492;id|s:1:"7";emp_id|s:13:"CIT2008-80245";firstname|s:7:"Michael";lastname|s:8:"Amaleona";contact_no|s:11:"09325421343";cluster_id|s:1:"5";user_type|s:7:"encoder";access_rights|s:3:"add";avatar|s:41:"assets/images/avatars/default_profile.png";is_logged_in|b:1;sidebar_status|s:6:"active";pass_alert|b:0;'),
('6a96b6c0b02eb4b690b853e17c3779f33bd9bde1', '::1', 1455118330, '__ci_last_regenerate|i:1455118330;id|s:1:"1";emp_id|s:6:"CIT121";firstname|s:7:"Rolando";lastname|s:6:"Tindoy";contact_no|s:3:"111";cluster_id|s:1:"5";user_type|s:10:"superadmin";access_rights|s:16:"ultimate_control";avatar|s:41:"assets/images/avatars/default_profile.png";is_logged_in|b:1;sidebar_status|s:6:"active";pass_alert|b:0;'),
('6b060a16b7286d93537212440dbbead78832b066', '::1', 1455107906, '__ci_last_regenerate|i:1455107906;id|s:1:"1";emp_id|s:6:"CIT121";firstname|s:7:"Rolando";lastname|s:6:"Tindoy";contact_no|s:3:"111";cluster_id|s:1:"5";user_type|s:10:"superadmin";access_rights|s:16:"ultimate_control";avatar|s:65:"assets/images/avatars/CIT121/79364e4034e026b3c66bc71eeeed83d5.PNG";is_logged_in|b:1;sidebar_status|s:6:"active";pass_alert|b:0;'),
('6eaa89707e94a40c2c783a37a0a027aff726b0bd', '::1', 1455118124, '__ci_last_regenerate|i:1455118124;id|s:1:"7";emp_id|s:13:"CIT2008-80245";firstname|s:7:"Michael";lastname|s:8:"Amaleona";contact_no|s:11:"09325421343";cluster_id|s:1:"5";user_type|s:7:"encoder";access_rights|s:3:"add";avatar|s:41:"assets/images/avatars/default_profile.png";is_logged_in|b:1;sidebar_status|s:6:"active";pass_alert|b:0;'),
('722a53686feb0e2a372ae41c2508b28f791a6613', '::1', 1455113494, '__ci_last_regenerate|i:1455113494;id|s:1:"7";emp_id|s:13:"CIT2008-80245";firstname|s:7:"Michael";lastname|s:8:"Amaleona";contact_no|s:11:"09325421343";cluster_id|s:1:"5";user_type|s:7:"encoder";access_rights|s:3:"add";avatar|s:41:"assets/images/avatars/default_profile.png";is_logged_in|b:1;sidebar_status|s:6:"active";pass_alert|b:0;'),
('7317c563be67472cd9de435d3c91e33f80c47cab', '::1', 1455117915, '__ci_last_regenerate|i:1455117915;id|s:1:"1";emp_id|s:6:"CIT121";firstname|s:7:"Rolando";lastname|s:6:"Tindoy";contact_no|s:3:"111";cluster_id|s:1:"5";user_type|s:10:"superadmin";access_rights|s:16:"ultimate_control";avatar|s:41:"assets/images/avatars/default_profile.png";is_logged_in|b:1;sidebar_status|s:6:"active";pass_alert|b:0;'),
('79929381987fd82022ec4edd7c713a1893908625', '::1', 1455109029, '__ci_last_regenerate|i:1455109029;id|s:1:"1";emp_id|s:6:"CIT121";firstname|s:7:"Rolando";lastname|s:6:"Tindoy";contact_no|s:3:"111";cluster_id|s:1:"5";user_type|s:10:"superadmin";access_rights|s:16:"ultimate_control";avatar|s:41:"assets/images/avatars/default_profile.png";is_logged_in|b:1;sidebar_status|s:6:"active";pass_alert|b:0;'),
('79d7e27127bf9f786938f6f03f892ea81298cdd1', '::1', 1455108771, '__ci_last_regenerate|i:1455108771;id|s:1:"7";emp_id|s:13:"CIT2008-80245";firstname|s:7:"Michael";lastname|s:8:"Amaleona";contact_no|s:11:"09325421343";cluster_id|s:1:"5";user_type|s:7:"encoder";access_rights|s:3:"add";avatar|s:41:"assets/images/avatars/default_profile.png";is_logged_in|b:1;sidebar_status|s:6:"active";pass_alert|b:0;'),
('7e2cd56097e21535efb0567fb65f2e79df834a1c', '::1', 1455445654, '__ci_last_regenerate|i:1455445654;id|s:1:"1";emp_id|s:6:"CIT121";firstname|s:7:"Rolando";lastname|s:6:"Tindoy";contact_no|s:3:"111";cluster_id|s:1:"5";user_type|s:10:"superadmin";access_rights|s:16:"ultimate_control";avatar|s:41:"assets/images/avatars/default_profile.png";is_logged_in|b:1;sidebar_status|s:6:"active";pass_alert|b:0;'),
('826a7fb74ef0302356ac08ddbca2cbbcda29a84b', '::1', 1455534684, '__ci_last_regenerate|i:1455534684;id|s:1:"1";emp_id|s:6:"CIT121";firstname|s:7:"Rolando";lastname|s:6:"Tindoy";contact_no|s:3:"111";cluster_id|s:1:"5";user_type|s:10:"superadmin";access_rights|s:16:"ultimate_control";avatar|s:41:"assets/images/avatars/default_profile.png";is_logged_in|b:1;sidebar_status|s:6:"active";pass_alert|b:0;'),
('82c8fa566a90bf29808c7bab1f5815f689d01e19', '::1', 1455120182, '__ci_last_regenerate|i:1455120182;id|s:1:"7";emp_id|s:13:"CIT2008-80245";firstname|s:7:"Michael";lastname|s:8:"Amaleona";contact_no|s:11:"09325421343";cluster_id|s:1:"5";user_type|s:7:"encoder";access_rights|s:3:"add";avatar|s:41:"assets/images/avatars/default_profile.png";is_logged_in|b:1;sidebar_status|s:6:"active";pass_alert|b:0;'),
('86c2f2639b79c01fbb41ca5b4cc068c3af96b6ee', '::1', 1455538875, '__ci_last_regenerate|i:1455538821;id|s:1:"1";emp_id|s:6:"CIT121";firstname|s:7:"Rolando";lastname|s:6:"Tindoy";contact_no|s:3:"111";cluster_id|s:1:"5";user_type|s:10:"superadmin";access_rights|s:16:"ultimate_control";avatar|s:41:"assets/images/avatars/default_profile.png";is_logged_in|b:1;sidebar_status|s:6:"active";pass_alert|b:0;'),
('93b783245802981fb5955fb809a76e3d8c1fdb79', '::1', 1455447734, '__ci_last_regenerate|i:1455447734;id|s:1:"1";emp_id|s:6:"CIT121";firstname|s:7:"Rolando";lastname|s:6:"Tindoy";contact_no|s:3:"111";cluster_id|s:1:"5";user_type|s:10:"superadmin";access_rights|s:16:"ultimate_control";avatar|s:41:"assets/images/avatars/default_profile.png";is_logged_in|b:1;sidebar_status|s:6:"active";pass_alert|b:0;'),
('947773b799ac50f73d3ba892198896528f8820b5', '::1', 1455446603, '__ci_last_regenerate|i:1455446603;id|s:1:"1";emp_id|s:6:"CIT121";firstname|s:7:"Rolando";lastname|s:6:"Tindoy";contact_no|s:3:"111";cluster_id|s:1:"5";user_type|s:10:"superadmin";access_rights|s:16:"ultimate_control";avatar|s:41:"assets/images/avatars/default_profile.png";is_logged_in|b:1;sidebar_status|s:6:"active";pass_alert|b:0;'),
('94dc2c2ad67a070ac0c6233f24a39537411fd6d0', '::1', 1455538102, '__ci_last_regenerate|i:1455538102;id|s:1:"1";emp_id|s:6:"CIT121";firstname|s:7:"Rolando";lastname|s:6:"Tindoy";contact_no|s:3:"111";cluster_id|s:1:"5";user_type|s:10:"superadmin";access_rights|s:16:"ultimate_control";avatar|s:41:"assets/images/avatars/default_profile.png";is_logged_in|b:1;sidebar_status|s:6:"active";pass_alert|b:0;'),
('a06e0d3c4ea2d45d9f42a0be0f491797ff2ca903', '::1', 1455115523, '__ci_last_regenerate|i:1455115523;id|s:1:"7";emp_id|s:13:"CIT2008-80245";firstname|s:7:"Michael";lastname|s:8:"Amaleona";contact_no|s:11:"09325421343";cluster_id|s:1:"5";user_type|s:7:"encoder";access_rights|s:3:"add";avatar|s:41:"assets/images/avatars/default_profile.png";is_logged_in|b:1;sidebar_status|s:6:"active";pass_alert|b:0;'),
('a941c059002c4f9567dfad1a50a298cb8c35d8ad', '::1', 1455535585, '__ci_last_regenerate|i:1455535585;id|s:1:"1";emp_id|s:6:"CIT121";firstname|s:7:"Rolando";lastname|s:6:"Tindoy";contact_no|s:3:"111";cluster_id|s:1:"5";user_type|s:10:"superadmin";access_rights|s:16:"ultimate_control";avatar|s:41:"assets/images/avatars/default_profile.png";is_logged_in|b:1;sidebar_status|s:6:"active";pass_alert|b:0;'),
('ba8bc54b11833bbd1fcb6379dc94fc382034507a', '::1', 1455119481, '__ci_last_regenerate|i:1455119481;id|s:1:"7";emp_id|s:13:"CIT2008-80245";firstname|s:7:"Michael";lastname|s:8:"Amaleona";contact_no|s:11:"09325421343";cluster_id|s:1:"5";user_type|s:7:"encoder";access_rights|s:3:"add";avatar|s:41:"assets/images/avatars/default_profile.png";is_logged_in|b:1;sidebar_status|s:6:"active";pass_alert|b:0;'),
('bbb7fab1d80aefb80671535583e6ff9b379d104b', '::1', 1455538433, '__ci_last_regenerate|i:1455538433;id|s:1:"1";emp_id|s:6:"CIT121";firstname|s:7:"Rolando";lastname|s:6:"Tindoy";contact_no|s:3:"111";cluster_id|s:1:"5";user_type|s:10:"superadmin";access_rights|s:16:"ultimate_control";avatar|s:41:"assets/images/avatars/default_profile.png";is_logged_in|b:1;sidebar_status|s:6:"active";pass_alert|b:0;'),
('c3e6c15cf2ff4b0b4c081804199d447f0397aebe', '::1', 1455122416, '__ci_last_regenerate|i:1455122416;id|s:1:"7";emp_id|s:13:"CIT2008-80245";firstname|s:7:"Michael";lastname|s:8:"Amaleona";contact_no|s:11:"09325421343";cluster_id|s:1:"5";user_type|s:7:"encoder";access_rights|s:3:"add";avatar|s:41:"assets/images/avatars/default_profile.png";is_logged_in|b:1;sidebar_status|s:6:"active";pass_alert|b:0;'),
('cd4ac65cc91af411da4d641a0962df98126366a8', '::1', 1455122466, '__ci_last_regenerate|i:1455122466;'),
('d19d358920931a43e9e322dabb03b1b6f845e77c', '::1', 1455110042, '__ci_last_regenerate|i:1455110042;id|s:1:"7";emp_id|s:13:"CIT2008-80245";firstname|s:7:"Michael";lastname|s:8:"Amaleona";contact_no|s:11:"09325421343";cluster_id|s:1:"5";user_type|s:7:"encoder";access_rights|s:3:"add";avatar|s:41:"assets/images/avatars/default_profile.png";is_logged_in|b:1;sidebar_status|s:6:"active";pass_alert|b:0;'),
('d3db109dc78b962ed8baf0abf9f4ffb348a69c63', '::1', 1455107605, '__ci_last_regenerate|i:1455107605;id|s:1:"1";emp_id|s:6:"CIT121";firstname|s:7:"Rolando";lastname|s:6:"Tindoy";contact_no|s:3:"111";cluster_id|s:1:"5";user_type|s:10:"superadmin";access_rights|s:16:"ultimate_control";avatar|s:65:"assets/images/avatars/CIT121/79364e4034e026b3c66bc71eeeed83d5.PNG";is_logged_in|b:1;sidebar_status|s:6:"active";pass_alert|b:0;'),
('d521dd67122592df641393bf6019caf89576d9cb', '::1', 1455110439, '__ci_last_regenerate|i:1455110439;id|s:1:"7";emp_id|s:13:"CIT2008-80245";firstname|s:7:"Michael";lastname|s:8:"Amaleona";contact_no|s:11:"09325421343";cluster_id|s:1:"5";user_type|s:7:"encoder";access_rights|s:3:"add";avatar|s:41:"assets/images/avatars/default_profile.png";is_logged_in|b:1;sidebar_status|s:6:"active";pass_alert|b:0;'),
('d78bc172023837bbb5c411e39278f7e1175d722c', '::1', 1455446282, '__ci_last_regenerate|i:1455446282;id|s:1:"1";emp_id|s:6:"CIT121";firstname|s:7:"Rolando";lastname|s:6:"Tindoy";contact_no|s:3:"111";cluster_id|s:1:"5";user_type|s:10:"superadmin";access_rights|s:16:"ultimate_control";avatar|s:41:"assets/images/avatars/default_profile.png";is_logged_in|b:1;sidebar_status|s:6:"active";pass_alert|b:0;'),
('e3ac6b801f1938c704729d7290e9f03aa882681b', '::1', 1455445956, '__ci_last_regenerate|i:1455445956;id|s:1:"1";emp_id|s:6:"CIT121";firstname|s:7:"Rolando";lastname|s:6:"Tindoy";contact_no|s:3:"111";cluster_id|s:1:"5";user_type|s:10:"superadmin";access_rights|s:16:"ultimate_control";avatar|s:41:"assets/images/avatars/default_profile.png";is_logged_in|b:1;sidebar_status|s:6:"active";pass_alert|b:0;'),
('e8cb55a8632c6a1dea84fbc9573a4d134e7295bf', '::1', 1455109203, '__ci_last_regenerate|i:1455109203;id|s:1:"7";emp_id|s:13:"CIT2008-80245";firstname|s:7:"Michael";lastname|s:8:"Amaleona";contact_no|s:11:"09325421343";cluster_id|s:1:"5";user_type|s:7:"encoder";access_rights|s:3:"add";avatar|s:41:"assets/images/avatars/default_profile.png";is_logged_in|b:1;sidebar_status|s:6:"active";pass_alert|b:0;'),
('eb73066872b83aa827b62b7de183532db0425c80', '::1', 1455535047, '__ci_last_regenerate|i:1455535047;id|s:1:"1";emp_id|s:6:"CIT121";firstname|s:7:"Rolando";lastname|s:6:"Tindoy";contact_no|s:3:"111";cluster_id|s:1:"5";user_type|s:10:"superadmin";access_rights|s:16:"ultimate_control";avatar|s:41:"assets/images/avatars/default_profile.png";is_logged_in|b:1;sidebar_status|s:6:"active";pass_alert|b:0;'),
('ec7b17b9944b990fec6faf83fbb2c27812e310e0', '::1', 1455537447, '__ci_last_regenerate|i:1455537447;id|s:1:"1";emp_id|s:6:"CIT121";firstname|s:7:"Rolando";lastname|s:6:"Tindoy";contact_no|s:3:"111";cluster_id|s:1:"5";user_type|s:10:"superadmin";access_rights|s:16:"ultimate_control";avatar|s:41:"assets/images/avatars/default_profile.png";is_logged_in|b:1;sidebar_status|s:6:"active";pass_alert|b:0;'),
('ed7fd56a7bc023534c0eddbb306d4f31c509e843', '::1', 1455120536, '__ci_last_regenerate|i:1455120536;id|s:1:"1";emp_id|s:6:"CIT121";firstname|s:7:"Rolando";lastname|s:6:"Tindoy";contact_no|s:3:"111";cluster_id|s:1:"5";user_type|s:10:"superadmin";access_rights|s:16:"ultimate_control";avatar|s:41:"assets/images/avatars/default_profile.png";is_logged_in|b:1;sidebar_status|s:6:"active";pass_alert|b:0;'),
('f0d3a7b9bcc87b6d6a56b1f76b7fd966c196a36c', '::1', 1455116321, '__ci_last_regenerate|i:1455116321;id|s:1:"7";emp_id|s:13:"CIT2008-80245";firstname|s:7:"Michael";lastname|s:8:"Amaleona";contact_no|s:11:"09325421343";cluster_id|s:1:"5";user_type|s:7:"encoder";access_rights|s:3:"add";avatar|s:41:"assets/images/avatars/default_profile.png";is_logged_in|b:1;sidebar_status|s:6:"active";pass_alert|b:0;'),
('f27b1ba5374d47afffeb22f5fdf1b958e2645c17', '::1', 1455117245, '__ci_last_regenerate|i:1455117245;id|s:1:"7";emp_id|s:13:"CIT2008-80245";firstname|s:7:"Michael";lastname|s:8:"Amaleona";contact_no|s:11:"09325421343";cluster_id|s:1:"5";user_type|s:7:"encoder";access_rights|s:3:"add";avatar|s:41:"assets/images/avatars/default_profile.png";is_logged_in|b:1;sidebar_status|s:6:"active";pass_alert|b:0;'),
('fe570f0048a8b3127f522e799a3f64f1abd8b5d8', '::1', 1455538821, '__ci_last_regenerate|i:1455538821;id|s:1:"1";emp_id|s:6:"CIT121";firstname|s:7:"Rolando";lastname|s:6:"Tindoy";contact_no|s:3:"111";cluster_id|s:1:"5";user_type|s:10:"superadmin";access_rights|s:16:"ultimate_control";avatar|s:41:"assets/images/avatars/default_profile.png";is_logged_in|b:1;sidebar_status|s:6:"active";pass_alert|b:0;');

-- --------------------------------------------------------

--
-- Table structure for table `classrooms`
--

CREATE TABLE IF NOT EXISTS `classrooms` (
  `classroom_id` int(11) NOT NULL AUTO_INCREMENT,
  `room_id` int(11) NOT NULL,
  `type` varchar(255) NOT NULL,
  PRIMARY KEY (`classroom_id`),
  KEY `room_id` (`room_id`)
) ENGINE=InnoDB  DEFAULT CHARSET=latin1 AUTO_INCREMENT=31 ;

--
-- Dumping data for table `classrooms`
--

INSERT INTO `classrooms` (`classroom_id`, `room_id`, `type`) VALUES
(1, 1, 'laboratory'),
(2, 2, 'laboratory'),
(3, 4, 'laboratory'),
(4, 5, 'laboratory'),
(5, 6, 'laboratory'),
(6, 7, 'laboratory'),
(7, 8, 'laboratory'),
(8, 9, 'laboratory'),
(9, 11, 'laboratory'),
(10, 12, 'laboratory'),
(11, 13, 'lecture'),
(12, 14, 'lecture'),
(13, 15, 'lecture'),
(14, 16, 'laboratory'),
(15, 17, 'lecture'),
(16, 18, 'lecture'),
(17, 19, 'lecture'),
(18, 29, 'lecture'),
(19, 30, 'lecture'),
(20, 31, 'lecture'),
(21, 32, 'lecture'),
(22, 34, 'lecture'),
(23, 35, 'lecture'),
(24, 36, 'lecture'),
(25, 37, 'lecture'),
(26, 38, 'lecture'),
(27, 39, 'lecture'),
(28, 40, 'lecture'),
(29, 41, 'lecture'),
(30, 42, 'lecture');

-- --------------------------------------------------------

--
-- Table structure for table `clusters`
--

CREATE TABLE IF NOT EXISTS `clusters` (
  `cluster_id` int(11) NOT NULL AUTO_INCREMENT,
  `room_id` int(11) NOT NULL,
  `cluster_code` varchar(255) NOT NULL,
  `cluster_name` varchar(255) NOT NULL,
  `type` varchar(255) NOT NULL,
  PRIMARY KEY (`cluster_id`),
  KEY `room_id` (`room_id`)
) ENGINE=InnoDB  DEFAULT CHARSET=latin1 AUTO_INCREMENT=14 ;

--
-- Dumping data for table `clusters`
--

INSERT INTO `clusters` (`cluster_id`, `room_id`, `cluster_code`, `cluster_name`, `type`) VALUES
(1, 20, 'CCS', 'College Of Computer Studies', 'department'),
(2, 21, 'CCSFAC', 'College Of Computer Studies Faculty ', 'office'),
(3, 22, 'EL', 'Electronic Learning', 'office'),
(4, 23, 'SMDTC', 'Software-Multimedia Development Training Center', 'office'),
(5, 24, 'TSG', 'Technical Support Group ', 'office'),
(6, 25, 'CPE', 'College Of Computer Engineering', 'department'),
(7, 26, 'ISL', 'Intelligent Systems Laboratory', 'office'),
(8, 27, 'CON', 'College Of Nursing', 'department'),
(9, 28, 'CONFAC', 'College Of Nursing Faculty', 'office'),
(10, 43, 'SAO', 'Student Affairs Office', 'office'),
(11, 44, 'CAS', 'College Of Art Sciences', 'department'),
(12, 45, 'CMBA', 'College Of Management Business Administration', 'department'),
(13, 46, 'CEA', 'College Of Engineering And Architecture', 'department');

-- --------------------------------------------------------

--
-- Table structure for table `computers`
--

CREATE TABLE IF NOT EXISTS `computers` (
  `computer_id` int(11) NOT NULL AUTO_INCREMENT,
  `computer_name` varchar(255) NOT NULL,
  `computer_type` varchar(255) NOT NULL,
  `brand_clone_name` varchar(255) NOT NULL,
  `date_added` timestamp NOT NULL DEFAULT CURRENT_TIMESTAMP,
  PRIMARY KEY (`computer_id`),
  UNIQUE KEY `computer_name` (`computer_name`)
) ENGINE=InnoDB  DEFAULT CHARSET=latin1 AUTO_INCREMENT=545 ;

--
-- Dumping data for table `computers`
--

INSERT INTO `computers` (`computer_id`, `computer_name`, `computer_type`, `brand_clone_name`, `date_added`) VALUES
(2, 'ST101WS02', 'Branded', 'Dell', '2016-01-23 20:34:27'),
(3, 'ST101WS03', 'Branded', 'Dell', '2016-01-23 20:34:50'),
(4, 'ST101WS04', 'Branded', 'Dell', '2016-01-23 20:35:18'),
(5, 'ST101WS01', 'Branded', 'Dell', '2016-01-23 20:37:36'),
(6, 'ST101WS05', 'Branded', 'Dell', '2016-01-23 20:39:04'),
(7, 'ST101WS06', 'Branded', 'Dell', '2016-01-23 20:39:23'),
(8, 'ST101WS07', 'Branded', 'Dell', '2016-01-23 20:39:38'),
(9, 'ST101WS08', 'Branded', 'Dell', '2016-01-23 20:40:10'),
(10, 'ST101WS09', 'Branded', 'Dell', '2016-01-23 20:41:12'),
(11, 'ST101WS10', 'Branded', 'Dell', '2016-01-23 20:41:33'),
(12, 'ST101WS11', 'Branded', 'Dell', '2016-01-23 20:41:58'),
(13, 'ST101WS12', 'Branded', 'Dell', '2016-01-23 20:42:13'),
(14, 'ST101WS13', 'Branded', 'Dell', '2016-01-23 20:42:25'),
(15, 'ST101WS14', 'Branded', 'Dell', '2016-01-23 20:42:44'),
(16, 'ST101WS15', 'Branded', 'Dell', '2016-01-23 20:43:05'),
(17, 'ST101WS16', 'Branded', 'Dell', '2016-01-23 20:43:50'),
(18, 'ST101WS17', 'Branded', 'Dell', '2016-01-23 20:44:14'),
(20, 'ST101WS18', 'Branded', 'Dell', '2016-01-23 20:45:13'),
(21, 'ST101WS19', 'Branded', 'Dell', '2016-01-23 20:45:34'),
(22, 'ST101WS20', 'Branded', 'Dell', '2016-01-23 20:45:53'),
(23, 'ST101WS21', 'Branded', 'Dell', '2016-01-23 20:46:47'),
(24, 'ST101WS22', 'Branded', 'Dell', '2016-01-23 20:47:24'),
(25, 'ST101WS23', 'Branded', 'Dell', '2016-01-23 20:48:23'),
(26, 'ST101WS24', 'Branded', 'Dell', '2016-01-23 20:48:46'),
(27, 'ST101WS25', 'Branded', 'Dell', '2016-01-23 20:49:49'),
(28, 'ST101WS26', 'Branded', 'Dell', '2016-01-23 20:50:15'),
(29, 'ST101WS27', 'Branded', 'Dell', '2016-01-23 20:50:39'),
(30, 'ST101WS28', 'Branded', 'Dell', '2016-01-23 20:51:15'),
(31, 'ST101WS29', 'Branded', 'Dell', '2016-01-23 20:51:43'),
(32, 'ST101WS30', 'Branded', 'Dell', '2016-01-23 20:52:00'),
(33, 'ST101WS31', 'Branded', 'Dell', '2016-01-23 20:52:50'),
(34, 'ST101WS32', 'Branded', 'Dell', '2016-01-23 20:53:13'),
(35, 'ST101WS33', 'Branded', 'Dell', '2016-01-23 20:53:39'),
(36, 'ST101WS34', 'Branded', 'Dell', '2016-01-23 20:54:34'),
(38, 'ST101WS35', 'Branded', 'Dell', '2016-01-23 20:56:05'),
(39, 'ST101WS36', 'Branded', 'Dell', '2016-01-23 20:56:34'),
(40, 'ST101WS37', 'Branded', 'Dell', '2016-01-23 20:56:53'),
(41, 'ST101WS38', 'Branded', 'Dell', '2016-01-23 20:57:13'),
(42, 'ST101WS39', 'Branded', 'Dell', '2016-01-23 20:58:32'),
(43, 'ST101WS40', 'Branded', 'Dell', '2016-01-23 20:59:04'),
(44, 'ST101WS41', 'Branded', 'Dell', '2016-01-23 21:00:13'),
(45, 'ST101WS42', 'Branded', 'Dell', '2016-01-23 21:00:56'),
(47, 'ST101WS43', 'Branded', 'Dell', '2016-01-23 21:02:08'),
(49, 'ST101WS44', 'Branded', 'Dell', '2016-01-23 21:03:19'),
(50, 'ST101WS45', 'Branded', 'Dell', '2016-01-23 21:03:40'),
(51, 'ST101WS46', 'Branded', 'Dell', '2016-01-23 21:04:08'),
(52, 'ST101WS47', 'Branded', 'Dell', '2016-01-23 21:04:27'),
(53, 'ST101WS48', 'Branded', 'Dell', '2016-01-23 21:04:41'),
(54, 'ST102WS01', 'Branded', 'Dell', '2016-01-23 21:07:45'),
(55, 'ST102WS02', 'Branded', 'Dell', '2016-01-23 21:08:10'),
(57, 'ST102WS03', 'Cloned', 'Ecs', '2016-01-23 21:10:18'),
(58, 'ST102WS04', 'Cloned', 'Ecs', '2016-01-23 21:10:39'),
(59, 'ST102WS05', 'Cloned', 'Ecs', '2016-01-23 21:10:59'),
(61, 'ST102WS07', 'Cloned', 'Ecs', '2016-01-23 21:12:26'),
(62, 'ST102WS08', 'Branded', 'Ecs', '2016-01-23 21:12:50'),
(63, 'ST102WS09', 'Cloned', 'Ecs', '2016-01-23 21:13:09'),
(64, 'ST102WS10', 'Cloned', 'Ecs', '2016-01-23 21:13:55'),
(65, 'ST102WS11', 'Cloned', 'Ecs', '2016-01-23 21:14:25'),
(66, 'ST102WS12', 'Cloned', 'Ecs', '2016-01-23 21:14:43'),
(67, 'ST102WS13', 'Cloned', 'Ecs', '2016-01-23 21:15:18'),
(68, 'ST102WS14', 'Branded', 'Ecs', '2016-01-23 21:15:43'),
(69, 'ST102WS15', 'Cloned', 'Ecs', '2016-01-23 21:16:09'),
(70, 'ST102WS16', 'Cloned', 'Ecs', '2016-01-23 21:16:42'),
(71, 'ST102WS17', 'Cloned', 'Ecs', '2016-01-23 21:17:03'),
(72, 'ST102WS18', 'Cloned', 'Ecs', '2016-01-23 21:17:26'),
(73, 'ST102WS19', 'Cloned', 'Ecs', '2016-01-23 21:17:42'),
(74, 'ST102WS20', 'Cloned', 'Ecs', '2016-01-23 21:18:27'),
(75, 'ST102WS21', 'Cloned', 'Ecs', '2016-01-23 21:18:45'),
(76, 'ST102WS22', 'Cloned', 'Ecs', '2016-01-23 21:19:03'),
(77, 'ST102WS23', 'Cloned', 'Ecs', '2016-01-23 21:19:21'),
(79, 'ST102WS24', 'Cloned', 'Ecs', '2016-01-23 21:20:17'),
(80, 'ST102WS25', 'Cloned', 'Ecs', '2016-01-23 21:20:33'),
(82, 'ST102WS26', 'Cloned', 'Ecs', '2016-01-23 21:21:20'),
(84, 'ST102WS27', 'Cloned', 'Ecs', '2016-01-23 21:22:12'),
(86, 'ST102WS28', 'Cloned', 'Ecs', '2016-01-23 21:22:50'),
(87, 'ST102WS29', 'Cloned', 'Ecs', '2016-01-23 21:23:03'),
(88, 'ST102WS30', 'Cloned', 'Ecs', '2016-01-23 21:23:18'),
(90, 'ST102WS31', 'Cloned', 'Ecs', '2016-01-23 21:24:09'),
(91, 'ST102WS32', 'Cloned', 'Ecs', '2016-01-23 21:24:23'),
(93, 'ST102WS33', 'Cloned', 'Ecs', '2016-01-23 21:25:11'),
(95, 'ST102WS34', 'Cloned', 'Ecs', '2016-01-23 21:26:11'),
(96, 'ST102WS35', 'Cloned', 'Ecs', '2016-01-23 21:26:41'),
(97, 'ST102WS36', 'Cloned', 'Ecs', '2016-01-24 11:39:25'),
(98, 'ST102WS37', 'Cloned', 'Ecs', '2016-01-24 11:39:39'),
(100, 'ST102WS38', 'Cloned', 'Ecs', '2016-01-24 11:46:40'),
(101, 'ST102WS39', 'Cloned', 'Ecs', '2016-01-24 11:46:54'),
(102, 'ST102WS40', 'Cloned', 'Ecs', '2016-01-24 11:47:08'),
(103, 'ST102WS41', 'Cloned', 'Ecs', '2016-01-24 11:47:22'),
(104, 'ST102WS42', 'Cloned', 'Ecs', '2016-01-24 11:47:33'),
(105, 'ST102WS43', 'Cloned', 'Ecs', '2016-01-24 11:47:49'),
(106, 'ST102WS44', 'Cloned', 'Ecs', '2016-01-24 11:48:12'),
(107, 'ST102WS45', 'Cloned', 'Ecs', '2016-01-24 11:52:20'),
(108, 'ST102WS46', 'Cloned', 'Ecs', '2016-01-24 11:52:34'),
(109, 'ST102WS47', 'Cloned', 'Ecs', '2016-01-24 11:52:49'),
(110, 'ST102WS48', 'Cloned', 'Ecs', '2016-01-24 11:53:31'),
(111, 'ST101WS00', 'Branded', 'Dell', '2016-01-25 08:39:55'),
(112, 'ST102WS00', 'Cloned', 'Ecs', '2016-01-25 08:40:12'),
(113, 'ST103WS00', 'Branded', 'Dell', '2016-01-25 08:47:54'),
(114, 'ST103WS01', 'Branded', 'Dell', '2016-01-25 08:48:09'),
(115, 'ST103WS02', 'Branded', 'Dell', '2016-01-25 08:48:47'),
(116, 'ST103WS04', 'Branded', 'Dell', '2016-01-25 08:49:03'),
(117, 'ST103WS05', 'Branded', 'Dell', '2016-01-25 08:49:35'),
(118, 'ST103WS06', 'Branded', 'Dell', '2016-01-25 08:50:05'),
(119, 'ST103WS09', 'Branded', 'Dell', '2016-01-25 08:50:27'),
(120, 'ST103WS10', 'Branded', 'Dell', '2016-01-25 08:50:41'),
(121, 'ST103WS11', 'Branded', 'Dell', '2016-01-25 08:50:52'),
(122, 'ST103WS12', 'Branded', 'Dell', '2016-01-25 08:52:27'),
(123, 'ST103WS13', 'Branded', 'Dell', '2016-01-25 08:52:44'),
(124, 'ST104WS00', 'Cloned', 'Ecs', '2016-01-25 08:53:12'),
(125, 'ST103WS14', 'Cloned', 'Dell', '2016-01-25 08:53:50'),
(126, 'ST104WS01', 'Cloned', 'Ecs', '2016-01-25 08:53:55'),
(127, 'ST103WS15', 'Branded', 'Dell', '2016-01-25 08:54:07'),
(128, 'ST103WS16', 'Branded', 'Dell', '2016-01-25 08:54:20'),
(129, 'ST103WS17', 'Branded', 'Dell', '2016-01-25 08:54:31'),
(130, 'ST104WS02', 'Cloned', 'Ecs', '2016-01-25 08:54:32'),
(131, 'ST104WS03', 'Cloned', 'Ecs', '2016-01-25 08:55:09'),
(132, 'ST103WS18', 'Branded', 'Dell', '2016-01-25 08:55:23'),
(133, 'ST103WS19', 'Branded', 'Dell', '2016-01-25 08:55:40'),
(134, 'ST103WS20', 'Branded', 'Dell', '2016-01-25 08:55:51'),
(135, 'ST103WS21', 'Branded', 'Dell', '2016-01-25 08:56:02'),
(136, 'ST104WS04', 'Cloned', 'Ecs', '2016-01-25 08:56:08'),
(137, 'ST103WS22', 'Branded', 'Dell', '2016-01-25 08:56:19'),
(138, 'ST104WS05', 'Cloned', 'Ecs', '2016-01-25 08:56:36'),
(139, 'ST103WS23', 'Branded', 'Dell', '2016-01-25 08:56:36'),
(140, 'ST103WS24', 'Branded', 'Dell', '2016-01-25 08:56:48'),
(141, 'ST103WS25', 'Branded', 'Dell', '2016-01-25 08:57:01'),
(142, 'ST103WS26', 'Branded', 'Dell', '2016-01-25 08:57:14'),
(143, 'ST103WS27', 'Branded', 'Dell', '2016-01-25 08:57:26'),
(144, 'ST104WS06', 'Cloned', 'Ecs', '2016-01-25 08:57:33'),
(145, 'ST103WS28', 'Branded', 'Dell', '2016-01-25 08:57:36'),
(146, 'ST103WS29', 'Branded', 'Dell', '2016-01-25 08:57:49'),
(147, 'ST103WS30', 'Branded', 'Dell', '2016-01-25 08:58:01'),
(148, 'ST104WS07', 'Cloned', 'Ecs', '2016-01-25 08:58:04'),
(149, 'ST103WS31', 'Branded', 'Dell', '2016-01-25 08:58:16'),
(150, 'ST103WS32', 'Branded', 'Dell', '2016-01-25 08:58:27'),
(151, 'ST104WS08', 'Cloned', 'Ecs', '2016-01-25 08:58:35'),
(152, 'ST103WS33', 'Branded', 'Dell', '2016-01-25 08:58:38'),
(153, 'ST103WS34', 'Branded', 'Dell', '2016-01-25 08:58:51'),
(154, 'ST104WS09', 'Cloned', 'Ecs', '2016-01-25 08:59:04'),
(155, 'ST103WS35', 'Branded', 'Dell', '2016-01-25 08:59:08'),
(157, 'ST103WS36', 'Branded', 'Dell', '2016-01-25 08:59:57'),
(158, 'ST103WS37', 'Branded', 'Dell', '2016-01-25 09:00:08'),
(159, 'ST103WS38', 'Branded', 'Dell', '2016-01-25 09:00:59'),
(160, 'ST103WS39', 'Branded', 'Dell', '2016-01-25 09:01:13'),
(161, 'ST103WS40', 'Branded', 'Dell', '2016-01-25 09:01:36'),
(162, 'ST103WS41', 'Branded', 'Dell', '2016-01-25 09:01:49'),
(163, 'ST104WS10', 'Cloned', 'Ecs', '2016-01-25 09:02:00'),
(164, 'ST104WS11', 'Cloned', 'Ecs', '2016-01-25 09:02:28'),
(165, 'ST103WS42', 'Branded', 'Dell', '2016-01-25 09:02:37'),
(166, 'ST103WS43', 'Branded', 'Dell', '2016-01-25 09:02:53'),
(167, 'ST104WS12', 'Cloned', 'Ecs', '2016-01-25 09:03:02'),
(168, 'ST103WS44', 'Branded', 'Dell', '2016-01-25 09:03:45'),
(169, 'ST104WS13', 'Cloned', 'Ecs', '2016-01-25 09:03:53'),
(170, 'ST105WS00', 'Branded', 'Dell', '2016-01-25 09:04:11'),
(171, 'ST105WS01', 'Branded', 'Dell', '2016-01-25 09:04:21'),
(172, 'ST104WS14', 'Cloned', 'Ecs', '2016-01-25 09:04:26'),
(173, 'ST105WS02', 'Branded', 'Dell', '2016-01-25 09:04:38'),
(174, 'ST105WS03', 'Branded', 'Dell', '2016-01-25 09:04:50'),
(175, 'ST105WS04', 'Branded', 'Dell', '2016-01-25 09:05:09'),
(176, 'ST104WS15', 'Cloned', 'Ecs', '2016-01-25 09:05:18'),
(177, 'ST105WS05', 'Branded', 'Dell', '2016-01-25 09:05:19'),
(178, 'ST105WS09', 'Branded', 'Dell', '2016-01-25 09:05:36'),
(179, 'ST104WS16', 'Cloned', 'Ecs', '2016-01-25 09:05:48'),
(180, 'ST105WS10', 'Branded', 'Dell', '2016-01-25 09:05:58'),
(182, 'ST104WS18', 'Cloned', 'Ecs', '2016-01-25 09:06:25'),
(183, 'ST105WS11', 'Branded', 'Dell', '2016-01-25 09:06:45'),
(184, 'ST105WS12', 'Branded', 'Dell', '2016-01-25 09:07:00'),
(185, 'ST104WS17', 'Cloned', 'Ecs', '2016-01-25 09:07:06'),
(186, 'ST105WS13', 'Branded', 'Dell', '2016-01-25 09:07:13'),
(187, 'ST105WS14', 'Branded', 'Dell', '2016-01-25 09:07:58'),
(188, 'ST104WS19', 'Cloned', 'Ecs', '2016-01-25 09:08:04'),
(189, 'ST105WS15', 'Branded', 'Dell', '2016-01-25 09:08:20'),
(191, 'ST105WS16', 'Branded', 'Dell', '2016-01-25 09:09:18'),
(193, 'ST104WS20', 'Cloned', 'Ecs', '2016-01-25 09:09:47'),
(194, 'ST104WS21', 'Cloned', 'Ecs', '2016-01-25 09:10:27'),
(195, 'ST105WS17', 'Branded', 'Dell', '2016-01-25 09:10:52'),
(196, 'ST105WS18', 'Branded', 'Dell', '2016-01-25 09:11:04'),
(197, 'ST104WS22', 'Cloned', 'Ecs', '2016-01-25 09:11:05'),
(198, 'ST105WS19', 'Branded', 'Dell', '2016-01-25 09:11:33'),
(199, 'ST104WS23', 'Cloned', 'Ecs', '2016-01-25 09:11:34'),
(200, 'ST105WS20', 'Branded', 'Dell', '2016-01-25 09:11:45'),
(201, 'ST105WS21', 'Branded', 'Dell', '2016-01-25 09:11:57'),
(202, 'ST105WS22', 'Branded', 'Dell', '2016-01-25 09:12:11'),
(203, 'ST104WS24', 'Cloned', 'Ecs', '2016-01-25 09:12:13'),
(204, 'ST105WS23', 'Branded', 'Dell', '2016-01-25 09:12:46'),
(205, 'ST104WS25', 'Cloned', 'Ecs', '2016-01-25 09:13:00'),
(206, 'ST105WS24', 'Branded', 'Dell', '2016-01-25 09:13:21'),
(207, 'ST104WS26', 'Cloned', 'Ecs', '2016-01-25 09:13:43'),
(208, 'ST105WS25', 'Branded', 'Dell', '2016-01-25 09:13:48'),
(209, 'ST105WS26', 'Branded', 'Dell', '2016-01-25 09:14:06'),
(210, 'ST104WS27', 'Cloned', 'Ecs', '2016-01-25 09:14:16'),
(211, 'ST105WS27', 'Branded', 'Dell', '2016-01-25 09:14:23'),
(212, 'ST105WS28', 'Branded', 'Dell', '2016-01-25 09:14:42'),
(213, 'ST104WS28', 'Cloned', 'Ecs', '2016-01-25 09:14:49'),
(214, 'ST105WS29', 'Branded', 'Dell', '2016-01-25 09:15:01'),
(215, 'ST105WS30', 'Branded', 'Dell', '2016-01-25 09:15:13'),
(216, 'ST104WS29', 'Cloned', 'Ecs', '2016-01-25 09:15:22'),
(217, 'ST105WS31', 'Branded', 'Dell', '2016-01-25 09:15:34'),
(218, 'ST105WS32', 'Branded', 'Dell', '2016-01-25 09:15:48'),
(219, 'ST105WS33', 'Branded', 'Dell', '2016-01-25 09:16:07'),
(220, 'ST104WS30', 'Cloned', 'Ecs', '2016-01-25 09:16:09'),
(221, 'ST105WS34', 'Branded', 'Dell', '2016-01-25 09:16:35'),
(222, 'ST104WS31', 'Cloned', 'Ecs', '2016-01-25 09:16:39'),
(223, 'ST104WS32', 'Cloned', 'Ecs', '2016-01-25 09:17:33'),
(224, 'ST105WS35', 'Branded', 'Dell', '2016-01-25 09:17:35'),
(225, 'ST104WS33', 'Cloned', 'Ecs', '2016-01-25 09:18:01'),
(226, 'ST105WS36', 'Branded', 'Dell', '2016-01-25 09:18:02'),
(227, 'ST105WS37', 'Branded', 'Dell', '2016-01-25 09:18:18'),
(229, 'ST105WS38', 'Branded', 'Dell', '2016-01-25 09:18:50'),
(230, 'ST105WS39', 'Branded', 'Dell', '2016-01-25 09:19:14'),
(231, 'ST104WS34', 'Cloned', 'Ecs', '2016-01-25 09:19:29'),
(232, 'ST105WS40', 'Branded', 'Dell', '2016-01-25 09:19:34'),
(233, 'ST105WS41', 'Branded', 'Dell', '2016-01-25 09:19:50'),
(234, 'ST104WS35', 'Cloned', 'Ecs', '2016-01-25 09:20:00'),
(235, 'ST105WS42', 'Branded', 'Dell', '2016-01-25 09:20:07'),
(236, 'ST104WS37', 'Cloned', 'Ecs', '2016-01-25 09:20:30'),
(237, 'ST105WS43', 'Branded', 'Dell', '2016-01-25 09:20:34'),
(238, 'ST105WS44', 'Branded', 'Dell', '2016-01-25 09:20:49'),
(239, 'ST104WS36', 'Cloned', 'Ecs', '2016-01-25 09:21:48'),
(240, 'ST104WS38', 'Cloned', 'Ecs', '2016-01-25 09:22:17'),
(241, 'ST104WS39', 'Cloned', 'Ecs', '2016-01-25 09:22:46'),
(242, 'ST104WS40', 'Cloned', 'Ecs', '2016-01-25 09:23:18'),
(243, 'ST104WS41', 'Cloned', 'Ecs', '2016-01-25 09:23:47'),
(244, 'ST201WS00', 'Cloned', 'TomMade', '2016-01-25 09:24:03'),
(245, 'ST201WS01', 'Cloned', 'TomMade', '2016-01-25 09:24:27'),
(246, 'ST104WS43', 'Cloned', '42', '2016-01-25 09:24:31'),
(247, 'ST201WS02', 'Cloned', 'TomMade', '2016-01-25 09:24:45'),
(248, 'ST104WS42', 'Cloned', 'Ecs', '2016-01-25 09:25:55'),
(249, 'ST201WS03', 'Cloned', 'TomMade', '2016-01-25 09:25:58'),
(250, 'ST201WS04', 'Cloned', 'TomMade', '2016-01-25 09:26:11'),
(251, 'ST104WS44', 'Cloned', 'Ecs', '2016-01-25 09:26:27'),
(252, 'ST201WS05', 'Cloned', 'TomMade', '2016-01-25 09:27:23'),
(253, 'ST201WS06', 'Cloned', 'TomMade', '2016-01-25 09:28:33'),
(254, 'ST202WS00', 'Branded', 'Dell', '2016-01-25 09:28:53'),
(255, 'ST201WS09', 'Cloned', 'TomMade', '2016-01-25 09:29:03'),
(256, 'ST201WS10', 'Cloned', 'TomMade', '2016-01-25 09:29:24'),
(257, 'ST202WS01', 'Branded', 'Dell', '2016-01-25 09:29:28'),
(258, 'ST201WS11', 'Cloned', 'Dell', '2016-01-25 09:29:47'),
(260, 'ST201WS12', 'Cloned', 'TomMade', '2016-01-25 09:30:10'),
(261, 'ST201WS13', 'Cloned', 'TomMade', '2016-01-25 09:30:45'),
(262, 'ST202WS02', 'Branded', 'Dell', '2016-01-25 09:30:51'),
(263, 'ST201WS14', 'Cloned', 'TomMade', '2016-01-25 09:31:13'),
(264, 'ST202WS03', 'Branded', 'Dell', '2016-01-25 09:31:29'),
(265, 'ST201WS15', 'Cloned', 'TomMade', '2016-01-25 09:31:37'),
(266, 'ST201WS16', 'Cloned', 'TomMade', '2016-01-25 09:31:56'),
(267, 'ST202WS04', 'Branded', 'Dell', '2016-01-25 09:32:02'),
(268, 'ST201WS17', 'Cloned', 'TomMade', '2016-01-25 09:32:13'),
(269, 'ST201WS18', 'Cloned', 'TomMade', '2016-01-25 09:32:29'),
(270, 'ST202WS05', 'Branded', 'Dell', '2016-01-25 09:32:32'),
(271, 'ST202WS06', 'Branded', 'Dell', '2016-01-25 09:33:10'),
(272, 'ST201WS19', 'Cloned', 'TomMade', '2016-01-25 09:33:11'),
(273, 'ST202WS07', 'Branded', 'Dell', '2016-01-25 09:34:18'),
(274, 'ST201WS20', 'Cloned', 'TomMade', '2016-01-25 09:34:21'),
(275, 'ST201WS21', 'Cloned', 'TomMade', '2016-01-25 09:34:45'),
(276, 'ST202WS08', 'Branded', 'Dell', '2016-01-25 09:34:53'),
(277, 'ST202WS09', 'Branded', 'Dell', '2016-01-25 09:35:29'),
(278, 'ST202WS10', 'Branded', 'Dell', '2016-01-25 09:35:57'),
(279, 'ST201WS22', 'Cloned', 'TomMade', '2016-01-25 09:36:26'),
(280, 'ST202WS11', 'Branded', 'Dell', '2016-01-25 09:36:27'),
(281, 'ST202WS12', 'Branded', 'Dell', '2016-01-25 09:37:03'),
(282, 'ST202WS13', 'Branded', 'Dell', '2016-01-25 09:37:36'),
(283, 'ST202WS14', 'Branded', 'Dell', '2016-01-25 09:38:22'),
(284, 'ST202WS15', 'Branded', 'Dell', '2016-01-25 09:41:18'),
(285, 'ST201WS23', 'Cloned', 'TomMade', '2016-01-25 09:41:43'),
(286, 'ST202WS16', 'Branded', 'Dell', '2016-01-25 09:41:46'),
(287, 'ST201WS24', 'Cloned', 'TomMade', '2016-01-25 09:42:15'),
(288, 'ST202WS17', 'Branded', 'Dell', '2016-01-25 09:42:24'),
(290, 'ST202WS18', 'Branded', 'Dell', '2016-01-25 09:42:56'),
(291, 'ST202WS19', 'Branded', 'Dell', '2016-01-25 09:43:33'),
(292, 'ST201WS25', 'Cloned', 'TomMade', '2016-01-25 09:43:37'),
(293, 'ST202WS20', 'Branded', 'Dell', '2016-01-25 09:44:04'),
(294, 'ST201WS26', 'Cloned', 'TomMade', '2016-01-25 09:44:10'),
(295, 'ST201WS27', 'Cloned', 'TomMade', '2016-01-25 09:44:27'),
(296, 'ST202WS21', 'Branded', 'Dell', '2016-01-25 09:44:32'),
(297, 'ST202WS22', 'Branded', 'Dell', '2016-01-25 09:45:14'),
(298, 'ST201WS28', 'Cloned', 'TomMade', '2016-01-25 09:47:11'),
(299, 'ST201WS29', 'Cloned', 'TomMade', '2016-01-25 09:48:28'),
(300, 'ST202WS23', 'Branded', 'Dell', '2016-01-25 09:48:59'),
(301, 'ST202WS24', 'Branded', 'Dell', '2016-01-25 09:49:30'),
(302, 'ST202WS25', 'Branded', 'Dell', '2016-01-25 09:50:00'),
(303, 'ST202WS26', 'Branded', 'Dell', '2016-01-25 09:50:48'),
(304, 'ST202WS27', 'Branded', 'Dell', '2016-01-25 09:51:24'),
(305, 'ST201WS30', 'Cloned', 'TomMade', '2016-01-25 10:05:38'),
(306, 'ST202WS28', 'Branded', 'Dell', '2016-01-25 10:06:39'),
(307, 'ST202WS29', 'Branded', 'Dell', '2016-01-25 10:07:10'),
(308, 'ST201WS31', 'Cloned', 'TomMade', '2016-01-25 10:11:22'),
(309, 'ST201WS32', 'Cloned', 'TomMade', '2016-01-25 10:11:42'),
(310, 'ST201WS33', 'Cloned', 'TomMade', '2016-01-25 10:12:05'),
(311, 'ST201WS34', 'Cloned', 'TomMade', '2016-01-25 10:12:22'),
(312, 'ST201WS35', 'Cloned', 'TomMade', '2016-01-25 10:12:38'),
(313, 'ST201WS36', 'Cloned', 'TomMade', '2016-01-25 10:13:00'),
(314, 'ST201WS37', 'Cloned', 'TomMade', '2016-01-25 10:13:19'),
(316, 'ST201WS38', 'Cloned', 'TomMade', '2016-01-25 10:13:54'),
(317, 'ST201WS39', 'Cloned', 'TomMade', '2016-01-25 10:14:08'),
(318, 'ST201WS40', 'Cloned', 'TomMade', '2016-01-25 10:14:23'),
(319, 'ST201WS41', 'Cloned', 'TomMade', '2016-01-25 10:14:38'),
(320, 'ST201WS42', 'Cloned', 'TomMade', '2016-01-25 10:14:54'),
(321, 'ST201WS43', 'Cloned', 'TomMade', '2016-01-25 10:15:15'),
(322, 'ST202WS30', 'Branded', 'Dell', '2016-01-25 10:15:24'),
(323, 'ST201WS44', 'Cloned', 'TomMade', '2016-01-25 10:15:35'),
(324, 'ST202WS31', 'Branded', 'Dell', '2016-01-25 10:15:50'),
(325, 'ST202WS32', 'Branded', 'Dell', '2016-01-25 10:16:17'),
(326, 'ST202WS34', 'Branded', 'Dell', '2016-01-25 10:16:43'),
(327, 'ST202WS35', 'Branded', 'Dell', '2016-01-25 10:17:11'),
(328, 'ST203WS00', 'Cloned', 'Asus', '2016-01-25 10:17:12'),
(329, 'ST203WS01', 'Cloned', 'Asus', '2016-01-25 10:17:24'),
(330, 'ST202WS36', 'Branded', 'Dell', '2016-01-25 10:17:38'),
(331, 'ST203WS02', 'Cloned', 'Asus', '2016-01-25 10:17:42'),
(332, 'ST203WS03', 'Cloned', 'Asus', '2016-01-25 10:17:55'),
(333, 'ST203WS04', 'Cloned', 'Asus', '2016-01-25 10:18:07'),
(334, 'ST202WS38', 'Branded', 'Dell', '2016-01-25 10:18:09'),
(335, 'ST203WS05', 'Cloned', 'Asus', '2016-01-25 10:18:20'),
(336, 'ST203WS06', 'Cloned', 'Asus', '2016-01-25 10:18:33'),
(337, 'ST202WS39', 'Branded', 'Dell', '2016-01-25 10:18:41'),
(338, 'ST203WS09', 'Cloned', 'Asus', '2016-01-25 10:18:45'),
(339, 'ST203WS10', 'Cloned', 'Asus', '2016-01-25 10:19:04'),
(340, 'ST202WS40', 'Branded', 'Dell', '2016-01-25 10:19:13'),
(341, 'ST203WS11', 'Cloned', 'Asus', '2016-01-25 10:19:28'),
(342, 'ST202WS41', 'Branded', 'Dell', '2016-01-25 10:19:43'),
(343, 'ST203WS12', 'Cloned', 'Asus', '2016-01-25 10:19:51'),
(344, 'ST202WS42', 'Branded', 'Dell', '2016-01-25 10:20:13'),
(345, 'ST203WS13', 'Cloned', 'Asus', '2016-01-25 10:20:18'),
(346, 'ST203WS14', 'Cloned', 'Asus', '2016-01-25 10:20:35'),
(347, 'ST202WS43', 'Branded', 'Dell', '2016-01-25 10:20:46'),
(349, 'ST203WS15', 'Cloned', 'Asus', '2016-01-25 10:21:08'),
(350, 'ST202WS44', 'Branded', 'Dell', '2016-01-25 10:21:24'),
(351, 'ST203WS16', 'Cloned', 'Asus', '2016-01-25 10:21:25'),
(352, 'ST203WS17', 'Cloned', 'Asus', '2016-01-25 10:21:44'),
(353, 'ST203WS18', 'Cloned', 'Asus', '2016-01-25 10:21:59'),
(354, 'ST202WS33', 'Branded', 'Dell', '2016-01-25 10:22:11'),
(355, 'ST203WS19', 'Cloned', 'Asus', '2016-01-25 10:22:16'),
(356, 'ST203WS20', 'Cloned', 'Asus', '2016-01-25 10:22:37'),
(357, 'ST202WS37', 'Branded', 'Dell', '2016-01-25 10:22:43'),
(358, 'ST203WS21', 'Cloned', 'Asus', '2016-01-25 10:23:04'),
(359, 'ST203WS22', 'Cloned', 'Asus', '2016-01-25 10:23:43'),
(360, 'ST204WS00', 'Cloned', 'Ecs', '2016-01-25 10:23:53'),
(361, 'ST203WS23', 'Cloned', 'Asus', '2016-01-25 10:23:59'),
(362, 'ST203WS24', 'Cloned', 'Asus', '2016-01-25 10:24:16'),
(363, 'ST204WS01', 'Branded', 'Ecs', '2016-01-25 10:24:25'),
(364, 'ST203WS25', 'Cloned', 'Asus', '2016-01-25 10:24:33'),
(365, 'ST203WS26', 'Cloned', 'Asus', '2016-01-25 10:24:52'),
(366, 'ST204WS02', 'Cloned', 'Ecs', '2016-01-25 10:25:02'),
(367, 'ST203WS27', 'Cloned', 'Asus', '2016-01-25 10:25:11'),
(368, 'ST204WS03', 'Cloned', 'Ecs', '2016-01-25 10:25:33'),
(370, 'ST204WS04', 'Cloned', 'Ecs', '2016-01-25 10:26:03'),
(371, 'ST203WS28', 'Cloned', 'Asus', '2016-01-25 10:26:09'),
(372, 'ST203WS29', 'Cloned', 'Asus', '2016-01-25 10:26:23'),
(373, 'ST204WS05', 'Cloned', 'Ecs', '2016-01-25 10:26:33'),
(374, 'ST204WS07', 'Cloned', 'Ecs', '2016-01-25 10:27:02'),
(375, 'ST203WS30', 'Cloned', 'Asus', '2016-01-25 10:27:22'),
(376, 'ST204WS08', 'Cloned', 'Ecs', '2016-01-25 10:27:35'),
(377, 'ST204WS09', 'Cloned', 'Ecs', '2016-01-25 10:28:03'),
(378, 'ST203WS31', 'Cloned', 'Asus', '2016-01-25 10:28:19'),
(379, 'ST204WS10', 'Cloned', 'Ecs', '2016-01-25 10:28:30'),
(380, 'ST203WS32', 'Cloned', 'Asus', '2016-01-25 10:28:53'),
(381, 'ST203WS34', 'Cloned', 'Asus', '2016-01-25 10:29:17'),
(382, 'ST204WS11', 'Branded', 'Ecs', '2016-01-25 10:29:28'),
(383, 'ST203WS35', 'Cloned', 'Asus', '2016-01-25 10:29:40'),
(384, 'ST203WS36', 'Cloned', 'Asus', '2016-01-25 10:30:06'),
(385, 'ST203WS37', 'Cloned', 'Asus', '2016-01-25 10:30:23'),
(386, 'ST203WS38', 'Cloned', 'Asus', '2016-01-25 10:30:48'),
(387, 'ST203WS39', 'Cloned', 'Asus', '2016-01-25 10:31:12'),
(388, 'ST203WS40', 'Cloned', 'Asus', '2016-01-25 10:31:33'),
(389, 'ST203WS41', 'Cloned', 'Asus', '2016-01-25 10:32:41'),
(390, 'ST203WS42', 'Cloned', 'Asus', '2016-01-25 10:33:00'),
(392, 'ST203WS43', 'Cloned', 'Asus', '2016-01-25 10:33:42'),
(393, 'ST203WS44', 'Cloned', 'Asus', '2016-01-25 10:34:01'),
(394, 'ST205WS00', 'Cloned', 'Ecs', '2016-01-25 10:37:42'),
(395, 'ST204WS06', 'Cloned', 'Ecs', '2016-01-25 10:37:49'),
(396, 'ST205WS01', 'Cloned', 'Ecs', '2016-01-25 10:37:57'),
(397, 'ST205WS02', 'Cloned', 'Ecs', '2016-01-25 10:38:13'),
(398, 'ST204WS12', 'Cloned', 'Ecs', '2016-01-25 10:38:22'),
(399, 'ST205WS03', 'Cloned', 'Ecs', '2016-01-25 10:38:27'),
(400, 'ST205WS04', 'Cloned', 'Ecs', '2016-01-25 10:38:39'),
(401, 'ST205WS05', 'Cloned', 'Ecs', '2016-01-25 10:38:52'),
(402, 'ST204WS13', 'Cloned', 'Ecs', '2016-01-25 10:38:52'),
(403, 'ST205WS06', 'Cloned', 'Ecs', '2016-01-25 10:39:05'),
(404, 'ST204WS14', 'Cloned', 'Ecs', '2016-01-25 10:39:22'),
(405, 'ST205WS09', 'Cloned', 'Ecs', '2016-01-25 10:39:24'),
(406, 'ST205WS10', 'Cloned', 'Ecs', '2016-01-25 10:39:37'),
(407, 'ST205WS11', 'Cloned', 'Ecs', '2016-01-25 10:39:50'),
(408, 'ST204WS15', 'Cloned', 'Ecs', '2016-01-25 10:39:51'),
(409, 'ST205WS12', 'Cloned', 'Ecs', '2016-01-25 10:40:20'),
(410, 'ST204WS16', 'Cloned', 'Ecs', '2016-01-25 10:40:20'),
(411, 'ST205WS13', 'Cloned', 'Ecs', '2016-01-25 10:40:31'),
(412, 'ST205WS14', 'Cloned', 'Ecs', '2016-01-25 10:40:42'),
(413, 'ST204WS17', 'Cloned', 'Ecs', '2016-01-25 10:40:51'),
(414, 'ST205WS15', 'Cloned', 'Ecs', '2016-01-25 10:40:57'),
(415, 'ST205WS16', 'Cloned', 'Ecs', '2016-01-25 10:41:09'),
(416, 'ST205WS17', 'Cloned', 'Ecs', '2016-01-25 10:41:19'),
(417, 'ST204WS18', 'Cloned', 'Ecs', '2016-01-25 10:41:20'),
(418, 'ST205WS18', 'Cloned', 'Ecs', '2016-01-25 10:41:33'),
(419, 'ST205WS19', 'Cloned', 'Ecs', '2016-01-25 10:41:46'),
(420, 'ST204WS19', 'Cloned', 'Ecs', '2016-01-25 10:41:52'),
(421, 'ST205WS20', 'Cloned', 'Ecs', '2016-01-25 10:42:03'),
(422, 'ST205WS21', 'Cloned', 'Ecs', '2016-01-25 10:42:15'),
(423, 'ST204WS20', 'Cloned', 'Ecs', '2016-01-25 10:42:27'),
(424, 'ST205WS22', 'Cloned', 'Ecs', '2016-01-25 10:42:30'),
(425, 'ST205WS23', 'Cloned', 'Ecs', '2016-01-25 10:42:43'),
(426, 'ST204WS21', 'Cloned', 'Ecs', '2016-01-25 10:42:58'),
(427, 'ST205WS24', 'Cloned', 'Ecs', '2016-01-25 10:42:59'),
(428, 'ST205WS25', 'Cloned', 'Ecs', '2016-01-25 10:43:13'),
(429, 'ST204WS22', 'Cloned', 'Ecs', '2016-01-25 10:43:27'),
(430, 'ST205WS26', 'Cloned', 'Ecs', '2016-01-25 10:43:32'),
(432, 'ST204WS23', 'Cloned', 'Ecs', '2016-01-25 10:44:03'),
(433, 'ST205WS27', 'Cloned', 'Ecs', '2016-01-25 10:44:04'),
(434, 'ST205WS28', 'Cloned', 'Ecs', '2016-01-25 10:44:21'),
(435, 'ST204WS24', 'Cloned', 'Ecs', '2016-01-25 10:44:33'),
(436, 'ST205WS29', 'Cloned', 'Ecs', '2016-01-25 10:44:40'),
(437, 'ST205WS30', 'Cloned', 'Ecs', '2016-01-25 10:44:52'),
(438, 'ST204WS25', 'Cloned', 'Ecs', '2016-01-25 10:45:02'),
(439, 'ST205WS31', 'Cloned', 'Ecs', '2016-01-25 10:45:06'),
(440, 'ST205WS32', 'Cloned', 'Ecs', '2016-01-25 10:45:26'),
(441, 'ST205WS33', 'Cloned', 'Ecs', '2016-01-25 10:45:38'),
(442, 'ST205WS34', 'Cloned', 'Ecs', '2016-01-25 10:45:54'),
(443, 'ST205WS35', 'Cloned', 'Ecs', '2016-01-25 10:46:06'),
(444, 'ST204WS26', 'Cloned', 'Ecs', '2016-01-25 10:46:20'),
(445, 'ST205WS36', 'Cloned', 'Ecs', '2016-01-25 10:46:31'),
(446, 'ST205WS37', 'Cloned', 'Ecs', '2016-01-25 10:46:46'),
(447, 'ST204WS27', 'Cloned', 'Ecs', '2016-01-25 10:46:48'),
(448, 'ST205WS38', 'Cloned', 'Ecs', '2016-01-25 10:46:57'),
(449, 'ST205WS39', 'Cloned', 'Ecs', '2016-01-25 10:47:10'),
(450, 'ST204WS28', 'Cloned', 'Ecs', '2016-01-25 10:47:15'),
(451, 'ST205WS40', 'Cloned', 'Ecs', '2016-01-25 10:47:34'),
(452, 'ST204WS29', 'Cloned', 'Ecs', '2016-01-25 10:47:45'),
(453, 'ST205WS41', 'Cloned', 'Ecs', '2016-01-25 10:47:50'),
(454, 'ST205WS42', 'Cloned', 'Ecs', '2016-01-25 10:48:02'),
(455, 'ST204WS30', 'Cloned', 'Ecs', '2016-01-25 10:48:16'),
(456, 'ST205WS43', 'Cloned', 'Ecs', '2016-01-25 10:48:16'),
(457, 'ST205WS44', 'Cloned', 'Ecs', '2016-01-25 10:48:30'),
(458, 'ST204WS31', 'Cloned', 'Ecs', '2016-01-25 10:48:41'),
(459, 'ST205WS45', 'Cloned', 'Ecs', '2016-01-25 10:48:44'),
(460, 'ST205WS46', 'Cloned', 'Ecs', '2016-01-25 10:49:02'),
(461, 'ST204WS32', 'Cloned', 'Ecs', '2016-01-25 10:49:17'),
(462, 'ST205WS47', 'Cloned', 'Ecs', '2016-01-25 10:49:17'),
(463, 'ST205WS48', 'Cloned', 'Ecs', '2016-01-25 10:49:32'),
(464, 'ST204WS34', 'Cloned', 'Ecs', '2016-01-25 10:49:47'),
(465, 'ST204WS40', 'Cloned', 'TomMade', '2016-01-25 10:50:19'),
(466, 'ST204WS41', 'Cloned', 'TomMade', '2016-01-25 10:50:37'),
(467, 'ST204WS33', 'Cloned', 'Ecs', '2016-01-25 10:50:39'),
(468, 'ST204WS42', 'Cloned', 'TomMade', '2016-01-25 10:50:56'),
(469, 'ST204WS35', 'Cloned', 'Ecs', '2016-01-25 10:51:08'),
(470, 'ST204WS44', 'Cloned', 'TomMade', '2016-01-25 10:51:13'),
(471, 'ST204WS36', 'Cloned', 'Ecs', '2016-01-25 10:51:38'),
(472, 'ST204WS43', 'Cloned', 'TomMade', '2016-01-25 10:51:44'),
(473, 'ST204WS38', 'Cloned', 'TomMade', '2016-01-25 10:52:01'),
(475, 'ST204WS39', 'Cloned', 'TomMade', '2016-01-25 10:52:15'),
(476, 'ST204WS37', 'Cloned', 'TomMade', '2016-01-25 10:53:26'),
(477, 'ST305WS00', 'Cloned', 'TomMade', '2016-01-25 12:58:03'),
(478, 'ST305WS01', 'Cloned', 'TomMade', '2016-01-25 12:58:15'),
(479, 'ST305WS02', 'Cloned', 'TomMade', '2016-01-25 12:58:32'),
(480, 'ST305WS03', 'Cloned', 'TomMade', '2016-01-25 12:58:46'),
(481, 'ST305WS04', 'Cloned', 'TomMade', '2016-01-25 12:59:11'),
(482, 'ST305WS05', 'Cloned', 'TomMade', '2016-01-25 12:59:23'),
(483, 'ST305WS06', 'Cloned', 'TomMade', '2016-01-25 12:59:34'),
(485, 'ST305WS07', 'Cloned', 'TomMade', '2016-01-25 13:01:19'),
(486, 'ST305WS08', 'Cloned', 'TomMade', '2016-01-25 13:01:32'),
(488, 'ST305WS09', 'Cloned', 'TomMade', '2016-01-25 13:02:42'),
(489, 'ST305WS10', 'Cloned', 'TomMade', '2016-01-25 13:03:12'),
(490, 'ST305WS11', 'Cloned', 'TomMade', '2016-01-25 13:03:33'),
(491, 'ST305WS12', 'Cloned', 'TomMade', '2016-01-25 13:03:51'),
(492, 'ST305WS13', 'Cloned', 'TomMade', '2016-01-25 13:04:02'),
(493, 'ST305WS14', 'Cloned', 'TomMade', '2016-01-25 13:04:36'),
(494, 'ST305WS15', 'Cloned', 'TomMade', '2016-01-25 13:06:23'),
(495, 'ST305WS16', 'Cloned', 'TomMade', '2016-01-25 13:06:44'),
(496, 'ST305WS17', 'Cloned', 'TomMade', '2016-01-25 13:07:36'),
(497, 'CCSFACWS01', 'Branded', 'Dell', '2016-01-29 05:23:54'),
(498, 'CCSFACWS02', 'Branded', 'Dell', '2016-01-29 05:24:19'),
(499, 'CCSFACWS03', 'Branded', 'Dell', '2016-01-29 05:24:30'),
(500, 'CCSFACWS04', 'Branded', 'Dell', '2016-01-29 05:24:41'),
(501, 'TSGWS01', 'Branded', 'Dell', '2016-01-29 05:26:46'),
(502, 'TSGWS02', 'Branded', 'Dell', '2016-01-29 05:27:10'),
(504, 'TSGWS03', 'Branded', 'Dell', '2016-01-29 05:28:23'),
(505, 'TSGWS04', 'Branded', 'Dell', '2016-01-29 05:28:52'),
(506, 'TSGWS05', 'Branded', 'Dell', '2016-01-29 05:29:10'),
(507, 'TSGWS06', 'Branded', 'Dell', '2016-01-29 05:29:24'),
(508, 'ST301WS01', 'Branded', 'Dell', '2016-01-29 05:32:16'),
(509, 'ST302WS01', 'Branded', 'Dell', '2016-01-29 05:32:30'),
(510, 'ST303WS01', 'Branded', 'Dell', '2016-01-29 05:32:47'),
(511, 'ST308WS01', 'Branded', 'Dell', '2016-01-29 05:33:08'),
(512, 'ST309WS01', 'Branded', 'Dell', '2016-01-29 05:33:24'),
(513, 'ST310WS01', 'Branded', 'Dell', '2016-01-29 05:33:38'),
(514, 'CONFACWS01', 'Branded', 'Dell', '2016-01-29 05:55:29'),
(515, 'SMDTCWS01', 'Branded', 'Dell', '2016-01-29 05:57:12'),
(516, 'SMDTCWS02', 'Branded', 'Dell', '2016-01-29 05:57:41'),
(517, 'SMDTCWS03', 'Branded', 'Dell', '2016-01-29 05:58:02'),
(518, 'SMDTCWS04', 'Branded', 'Dell', '2016-01-29 05:58:34'),
(519, 'ELWS01', 'Branded', 'Dell', '2016-01-29 06:00:58'),
(520, 'ELWS02', 'Branded', 'Dell', '2016-01-29 06:01:54'),
(521, 'ISLWS01', 'Branded', 'Dell', '2016-01-29 06:11:17'),
(522, 'CPEWS01', 'Branded', 'Dell', '2016-01-29 06:15:45'),
(523, 'CPEWS02', 'Branded', 'Dell', '2016-01-29 06:16:33'),
(524, 'CPEWS03', 'Branded', 'Dell', '2016-01-29 06:17:18'),
(525, 'CONWS01', 'Branded', 'Dell', '2016-01-29 08:06:18'),
(526, 'CASWS01', 'Branded', 'Dell', '2016-01-29 08:06:54'),
(527, 'CEAWS01', 'Branded', 'Dell', '2016-01-29 08:07:06'),
(528, 'CCSWS01', 'Branded', 'Dell', '2016-01-29 08:08:14'),
(529, 'CMBAWS01', 'Branded', 'Dell', '2016-01-29 08:10:52'),
(530, 'SAOWS01', 'Branded', 'Dell', '2016-01-29 09:14:58'),
(531, 'SAOWS02', 'Branded', 'Dell', '2016-01-29 09:15:14'),
(532, 'SAOWS03', 'Branded', 'Dell', '2016-01-29 09:15:25'),
(533, 'CASWS02', 'Branded', 'Dell', '2016-01-29 09:29:36'),
(534, 'CASWS03', 'Branded', 'Dell', '2016-01-29 09:29:49'),
(536, 'CCSWS02', 'Branded', 'Dell', '2016-01-29 09:43:28'),
(537, 'CCSWS03', 'Branded', 'Dell', '2016-01-29 09:43:50'),
(538, 'CEAWS02', 'Branded', 'Dell', '2016-01-29 10:08:18'),
(539, 'CEAWS03', 'Branded', 'Dell', '2016-01-29 10:08:28'),
(540, 'CMBAWS02', 'Branded', 'Dell', '2016-01-29 10:09:05'),
(541, 'CEAWS04', 'Branded', 'Dell', '2016-01-29 10:09:20'),
(542, 'CONWS02', 'Branded', 'Dell', '2016-01-29 10:09:50'),
(543, 'CONWS03', 'Branded', 'Dell', '2016-01-29 10:10:00'),
(544, 'E200WS01', 'Branded', '121', '2016-02-04 05:09:10');

-- --------------------------------------------------------

--
-- Table structure for table `computer_designation`
--

CREATE TABLE IF NOT EXISTS `computer_designation` (
  `computer_id` int(11) NOT NULL,
  `designation_type` varchar(255) NOT NULL,
  `designation` varchar(255) NOT NULL,
  `workstation_no` int(11) NOT NULL,
  `assigned_to` varchar(255) NOT NULL,
  `date_assigned` varchar(255) NOT NULL,
  PRIMARY KEY (`computer_id`)
) ENGINE=InnoDB DEFAULT CHARSET=latin1;

--
-- Dumping data for table `computer_designation`
--

INSERT INTO `computer_designation` (`computer_id`, `designation_type`, `designation`, `workstation_no`, `assigned_to`, `date_assigned`) VALUES
(2, 'laboratory', 'ST101', 2, 'Rolando Tindoy', '2016-01-23'),
(3, 'laboratory', 'ST101', 3, 'Rolando Tindoy', '2016-01-23'),
(4, 'laboratory', 'ST101', 4, 'Rolando Tindoy', '2016-01-23'),
(5, 'laboratory', 'ST101', 1, 'Rolando Tindoy', '2016-01-23'),
(6, 'laboratory', 'ST101', 5, 'Rolando Tindoy', '2016-01-23'),
(7, 'laboratory', 'ST101', 6, 'Rolando Tindoy', '2016-01-23'),
(8, 'laboratory', 'ST101', 7, 'Rolando Tindoy', '2016-01-23'),
(9, 'laboratory', 'ST101', 8, 'Rolando Tindoy', '2016-01-23'),
(10, 'laboratory', 'ST101', 9, 'Rolando Tindoy', '2016-01-23'),
(11, 'laboratory', 'ST101', 10, 'Rolando Tindoy', '2016-01-23'),
(12, 'laboratory', 'ST101', 11, 'Rolando Tindoy', '2016-01-23'),
(13, 'laboratory', 'ST101', 12, 'Rolando Tindoy', '2016-01-23'),
(14, 'laboratory', 'ST101', 13, 'Rolando Tindoy', '2016-01-23'),
(15, 'laboratory', 'ST101', 14, 'Rolando Tindoy', '2016-01-23'),
(16, 'laboratory', 'ST101', 15, 'Rolando Tindoy', '2016-01-23'),
(17, 'laboratory', 'ST101', 16, 'Rolando Tindoy', '2016-01-23'),
(18, 'laboratory', 'ST101', 17, 'Rolando Tindoy', '2016-01-23'),
(20, 'laboratory', 'ST101', 18, 'Rolando Tindoy', '2016-01-23'),
(21, 'laboratory', 'ST101', 19, 'Rolando Tindoy', '2016-01-23'),
(22, 'laboratory', 'ST101', 20, 'Rolando Tindoy', '2016-01-23'),
(23, 'laboratory', 'ST101', 21, 'Rolando Tindoy', '2016-01-31'),
(24, 'laboratory', 'ST101', 22, 'Rolando Tindoy', '2016-01-23'),
(25, 'laboratory', 'ST101', 23, 'Rolando Tindoy', '2016-01-24'),
(26, 'laboratory', 'ST101', 24, 'Rolando Tindoy', '2016-01-23'),
(27, 'laboratory', 'ST101', 25, 'Rolando Tindoy', '2016-01-23'),
(28, 'laboratory', 'ST101', 26, 'Rolando Tindoy', '2016-01-23'),
(29, 'laboratory', 'ST101', 27, 'Rolando Tindoy', '2016-01-23'),
(30, 'laboratory', 'ST101', 28, 'Rolando Tindoy', '2016-01-23'),
(31, 'laboratory', 'ST101', 29, 'Rolando Tindoy', '2016-01-23'),
(32, 'laboratory', 'ST101', 30, 'Rolando Tindoy', '2016-01-23'),
(33, 'laboratory', 'ST101', 31, 'Rolando Tindoy', '2016-01-24'),
(34, 'laboratory', 'ST101', 32, 'Rolando Tindoy', '2016-01-23'),
(35, 'laboratory', 'ST101', 33, 'Rolando Tindoy', '2016-01-23'),
(36, 'laboratory', 'ST101', 34, 'Rolando Tindoy', '2016-01-23'),
(38, 'laboratory', 'ST101', 35, 'Rolando Tindoy', '2016-01-24'),
(39, 'laboratory', 'ST101', 36, 'Rolando Tindoy', '2016-01-23'),
(40, 'laboratory', 'ST101', 37, 'Rolando Tindoy', '2016-01-23'),
(41, 'laboratory', 'ST101', 38, 'Rolando Tindoy', '2016-01-23'),
(42, 'laboratory', 'ST101', 39, 'Rolando Tindoy', '2016-01-23'),
(43, 'laboratory', 'ST101', 40, 'Rolando Tindoy', '2016-01-23'),
(44, 'laboratory', 'ST101', 41, 'Rolando Tindoy', '2016-01-23'),
(45, 'laboratory', 'ST101', 42, 'Rolando Tindoy', '2016-01-23'),
(47, 'laboratory', 'ST101', 43, 'Rolando Tindoy', '2016-01-24'),
(49, 'laboratory', 'ST101', 44, 'Rolando Tindoy', '2016-01-23'),
(50, 'laboratory', 'ST101', 45, 'Rolando Tindoy', '2016-01-24'),
(51, 'laboratory', 'ST101', 46, 'Rolando Tindoy', '2016-01-23'),
(52, 'laboratory', 'ST101', 47, 'Rolando Tindoy', '2016-01-23'),
(53, 'laboratory', 'ST101', 48, 'Rolando Tindoy', '2016-01-23'),
(54, 'laboratory', 'ST102', 1, 'Rolando Tindoy', '2016-01-22'),
(55, 'laboratory', 'ST102', 2, 'Rolando Tindoy', '2016-01-23'),
(57, 'laboratory', 'ST102', 3, 'Rolando Tindoy', '2016-01-23'),
(58, 'laboratory', 'ST102', 4, 'Rolando Tindoy', '2016-01-24'),
(59, 'laboratory', 'ST102', 5, 'Rolando Tindoy', '2016-01-23'),
(61, 'laboratory', 'ST102', 7, 'Rolando Tindoy', '2016-01-23'),
(62, 'laboratory', 'ST102', 8, 'Rolando Tindoy', '2016-01-24'),
(63, 'laboratory', 'ST102', 9, 'Rolando Tindoy', '1970-01-01'),
(64, 'laboratory', 'ST102', 10, 'Rolando Tindoy', '2016-01-23'),
(65, 'laboratory', 'ST102', 11, 'Rolando Tindoy', '2016-01-23'),
(66, 'laboratory', 'ST102', 12, 'Rolando Tindoy', '2016-01-23'),
(67, 'laboratory', 'ST102', 13, 'Rolando Tindoy', '2016-01-23'),
(68, 'laboratory', 'ST102', 14, 'Rolando Tindoy', '2016-01-23'),
(69, 'laboratory', 'ST102', 15, 'Rolando Tindoy', '2016-01-23'),
(70, 'laboratory', 'ST102', 16, 'Rolando Tindoy', '2016-01-23'),
(71, 'laboratory', 'ST102', 17, 'Rolando Tindoy', '2016-01-23'),
(72, 'laboratory', 'ST102', 18, 'Rolando Tindoy', '2016-01-23'),
(73, 'laboratory', 'ST102', 19, 'Rolando Tindoy', '2016-01-23'),
(74, 'laboratory', 'ST102', 20, 'Rolando Tindoy', '2016-01-23'),
(75, 'laboratory', 'ST102', 21, 'Rolando Tindoy', '2016-01-23'),
(76, 'laboratory', 'ST102', 22, 'Rolando Tindoy', '2016-01-23'),
(77, 'laboratory', 'ST102', 23, 'Rolando Tindoy', '2016-01-23'),
(79, 'laboratory', 'ST102', 24, 'Rolando Tindoy', '2016-01-23'),
(80, 'laboratory', 'ST102', 25, 'Rolando Cabardo', '2016-01-23'),
(82, 'laboratory', 'ST102', 26, 'Rolando Tindoy', '2016-01-22'),
(84, 'laboratory', 'ST102', 27, 'Rolando Tindoy', '2016-01-23'),
(86, 'laboratory', 'ST102', 28, 'Rolando Tindoy', '2016-01-23'),
(87, 'laboratory', 'ST102', 29, 'Rolando Tindoy', '2016-01-23'),
(88, 'laboratory', 'ST102', 30, 'Rolando Tindoy', '2016-01-23'),
(90, 'laboratory', 'ST102', 31, 'Rolando Tindoy', '2016-01-23'),
(91, 'laboratory', 'ST102', 32, 'Rolando Tindoy', '2016-01-23'),
(93, 'laboratory', 'ST102', 33, 'Rolando Tindoy', '2016-01-23'),
(95, 'laboratory', 'ST102', 34, 'Rolando Tindoy', '2016-01-23'),
(96, 'laboratory', 'ST102', 35, 'Rolando Cabardo', '2016-01-23'),
(97, 'laboratory', 'ST102', 36, 'Rolando Tindoy', '2016-01-24'),
(98, 'laboratory', 'ST102', 37, 'Rolando Tindoy', '2016-01-24'),
(100, 'laboratory', 'ST102', 38, 'Rolando Tindoy', '2016-01-24'),
(101, 'laboratory', 'ST102', 39, 'Rolando Tindoy', '2016-01-24'),
(102, 'laboratory', 'ST102', 40, 'Rolando Tindoy', '2016-01-24'),
(103, 'laboratory', 'ST102', 41, 'Rolando Tindoy', '2016-01-24'),
(104, 'laboratory', 'ST102', 42, 'Rolando Tindoy', '2016-01-24'),
(105, 'laboratory', 'ST102', 43, 'Rolando Tindoy', '2016-01-24'),
(106, 'laboratory', 'ST102', 44, 'Rolando Tindoy', '2016-01-24'),
(107, 'laboratory', 'ST102', 45, 'Rolando Tindoy', '2016-01-24'),
(108, 'laboratory', 'ST102', 46, 'Rolando Tindoy', '2016-01-24'),
(109, 'laboratory', 'ST102', 47, 'Rolando Tindoy', '2016-01-24'),
(110, 'laboratory', 'ST102', 48, 'Rolando Tindoy', '2016-01-24'),
(111, 'laboratory', 'ST101', 0, 'Rolando Tindoy', '2016-01-25'),
(112, 'laboratory', 'ST102', 0, 'Rolando Tindoy', '2016-01-25'),
(113, 'laboratory', 'ST103', 0, 'Rolando Tindoy', '2016-01-25'),
(114, 'laboratory', 'ST103', 1, 'Rolando Tindoy', '2016-01-25'),
(115, 'laboratory', 'ST103', 2, 'Rolando Tindoy', '2016-01-25'),
(116, 'laboratory', 'ST103', 4, 'Rolando Tindoy', '2016-01-25'),
(117, 'laboratory', 'ST103', 5, 'Rolando Tindoy', '2016-01-25'),
(118, 'laboratory', 'ST103', 6, 'Rolando Tindoy', '2016-01-25'),
(119, 'laboratory', 'ST103', 9, 'Rolando Tindoy', '2016-01-25'),
(120, 'laboratory', 'ST103', 10, 'Rolando Tindoy', '2016-01-25'),
(121, 'laboratory', 'ST103', 11, 'Rolando Tindoy', '2016-01-25'),
(122, 'laboratory', 'ST103', 12, 'Rolando Tindoy', '2016-01-25'),
(123, 'laboratory', 'ST103', 13, 'Rolando Tindoy', '2016-01-25'),
(124, 'laboratory', 'ST104', 0, 'Rolando Tindoy', '1970-01-01'),
(125, 'laboratory', 'ST103', 14, 'Rolando Tindoy', '2016-01-25'),
(126, 'laboratory', 'ST104', 1, 'Rolando Tindoy', '2016-01-25'),
(127, 'laboratory', 'ST103', 15, 'Rolando Tindoy', '2016-01-25'),
(128, 'laboratory', 'ST103', 16, 'Rolando Tindoy', '2016-01-25'),
(129, 'laboratory', 'ST103', 17, 'Rolando Tindoy', '2016-01-25'),
(130, 'laboratory', 'ST104', 2, 'Rolando Tindoy', '2016-01-25'),
(131, 'laboratory', 'ST104', 3, 'Rolando Tindoy', '2016-01-25'),
(132, 'laboratory', 'ST103', 18, 'Rolando Tindoy', '2016-01-25'),
(133, 'laboratory', 'ST103', 19, 'Rolando Tindoy', '2016-01-25'),
(134, 'laboratory', 'ST103', 20, 'Rolando Tindoy', '2016-01-25'),
(135, 'laboratory', 'ST103', 21, 'Rolando Tindoy', '2016-01-25'),
(136, 'laboratory', 'ST104', 4, 'Rolando Tindoy', '1970-01-01'),
(137, 'laboratory', 'ST103', 22, 'Rolando Tindoy', '2016-01-25'),
(138, 'laboratory', 'ST104', 5, 'Rolando Tindoy', '2016-01-25'),
(139, 'laboratory', 'ST103', 23, 'Rolando Tindoy', '2016-01-25'),
(140, 'laboratory', 'ST103', 24, 'Rolando Tindoy', '2016-01-25'),
(141, 'laboratory', 'ST103', 25, 'Rolando Tindoy', '2016-01-25'),
(142, 'laboratory', 'ST103', 26, 'Rolando Tindoy', '2016-01-25'),
(143, 'laboratory', 'ST103', 27, 'Rolando Tindoy', '2016-01-25'),
(144, 'laboratory', 'ST104', 6, 'Rolando Tindoy', '1970-01-01'),
(145, 'laboratory', 'ST103', 28, 'Rolando Tindoy', '2016-01-25'),
(146, 'laboratory', 'ST103', 29, 'Rolando Tindoy', '2016-01-25'),
(147, 'laboratory', 'ST103', 30, 'Rolando Tindoy', '2016-01-25'),
(148, 'laboratory', 'ST104', 7, 'Rolando Tindoy', '2016-01-25'),
(149, 'laboratory', 'ST103', 31, 'Rolando Tindoy', '2016-01-25'),
(150, 'laboratory', 'ST103', 32, 'Rolando Tindoy', '2016-01-25'),
(151, 'laboratory', 'ST104', 8, 'Rolando Tindoy', '2016-01-25'),
(152, 'laboratory', 'ST103', 33, 'Rolando Tindoy', '2016-01-25'),
(153, 'laboratory', 'ST103', 34, 'Rolando Tindoy', '2016-01-25'),
(154, 'laboratory', 'ST104', 9, 'Rolando Tindoy', '2016-01-25'),
(155, 'laboratory', 'ST103', 35, 'Rolando Tindoy', '2016-01-25'),
(157, 'laboratory', 'ST103', 36, 'Rolando Tindoy', '2016-01-25'),
(158, 'laboratory', 'ST103', 37, 'Rolando Tindoy', '2016-01-25'),
(159, 'laboratory', 'ST103', 38, 'Rolando Tindoy', '2016-01-25'),
(160, 'laboratory', 'ST103', 39, 'Rolando Tindoy', '2016-01-25'),
(161, 'laboratory', 'ST103', 40, 'Rolando Tindoy', '2016-01-25'),
(162, 'laboratory', 'ST103', 41, 'Rolando Tindoy', '2016-01-25'),
(163, 'laboratory', 'ST104', 10, 'Rolando Tindoy', '1970-01-01'),
(164, 'laboratory', 'ST104', 11, 'Rolando Tindoy', '2016-01-25'),
(165, 'laboratory', 'ST103', 42, 'Rolando Tindoy', '2016-01-25'),
(166, 'laboratory', 'ST103', 43, 'Rolando Tindoy', '2016-01-25'),
(167, 'laboratory', 'ST104', 12, 'Rolando Tindoy', '2016-01-25'),
(168, 'laboratory', 'ST103', 44, 'Rolando Tindoy', '2016-01-25'),
(169, 'laboratory', 'ST104', 13, 'Rolando Tindoy', '1970-01-01'),
(170, 'laboratory', 'ST105', 0, 'Rolando Tindoy', '2016-01-25'),
(171, 'laboratory', 'ST105', 1, 'Rolando Tindoy', '2016-01-25'),
(172, 'laboratory', 'ST104', 14, 'Rolando Tindoy', '2016-01-25'),
(173, 'laboratory', 'ST105', 2, 'Rolando Tindoy', '2016-01-25'),
(174, 'laboratory', 'ST105', 3, 'Rolando Tindoy', '2016-01-25'),
(175, 'laboratory', 'ST105', 4, 'Rolando Tindoy', '2016-01-25'),
(176, 'laboratory', 'ST104', 15, 'Rolando Tindoy', '1970-01-01'),
(177, 'laboratory', 'ST105', 5, 'Rolando Tindoy', '2016-01-25'),
(178, 'laboratory', 'ST105', 9, 'Rolando Tindoy', '2016-01-25'),
(179, 'laboratory', 'ST104', 16, 'Rolando Tindoy', '2016-01-25'),
(180, 'laboratory', 'ST105', 10, 'Rolando Tindoy', '2016-01-25'),
(182, 'laboratory', 'ST104', 18, 'Rolando Tindoy', '2016-01-25'),
(183, 'laboratory', 'ST105', 11, 'Rolando Tindoy', '2016-01-25'),
(184, 'laboratory', 'ST105', 12, 'Rolando Tindoy', '2016-01-25'),
(185, 'laboratory', 'ST104', 17, 'Rolando Tondoy', '1970-01-01'),
(186, 'laboratory', 'ST105', 13, 'Rolando Tindoy', '2016-01-25'),
(187, 'laboratory', 'ST105', 14, 'Rolando Tindoy', '2016-01-25'),
(188, 'laboratory', 'ST104', 19, 'Rolando Tindoy', '1970-01-01'),
(189, 'laboratory', 'ST105', 15, 'Rolando Tindoy', '2016-01-25'),
(191, 'laboratory', 'ST105', 16, 'Rolando Tindoy', '2016-01-25'),
(193, 'laboratory', 'ST104', 20, 'Rolando Tindoy', '1970-01-01'),
(194, 'laboratory', 'ST104', 21, 'Rolando Tindoy', '2016-01-25'),
(195, 'laboratory', 'ST105', 17, 'Rolando Tindoy', '2016-01-25'),
(196, 'laboratory', 'ST105', 18, 'Rolando Tindoy', '2016-01-25'),
(197, 'laboratory', 'ST104', 22, 'Rolando Tindoy', '1970-01-01'),
(198, 'laboratory', 'ST105', 19, 'Rolando Tindoy', '2016-01-25'),
(199, 'laboratory', 'ST104', 23, 'Rolando Tindoy', '2016-01-25'),
(200, 'laboratory', 'ST105', 20, 'Rolando Tindoy', '2016-01-25'),
(201, 'laboratory', 'ST105', 21, 'Rolando Tindoy', '2016-01-25'),
(202, 'laboratory', 'ST105', 22, 'Rolando Tindoy', '2016-01-25'),
(203, 'laboratory', 'ST104', 24, 'Rolando Tindoy', '1970-01-01'),
(204, 'laboratory', 'ST105', 23, 'Rolando Tindoy', '2016-01-25'),
(205, 'laboratory', 'ST104', 25, 'Rolando Tindoy', '2016-01-25'),
(206, 'laboratory', 'ST105', 24, 'Rolando Tindoy', '2016-01-25'),
(207, 'laboratory', 'ST104', 26, 'Rolando Tindoy', '1970-01-01'),
(208, 'laboratory', 'ST105', 25, 'Rolando Tindoy', '2016-01-25'),
(209, 'laboratory', 'ST105', 26, 'Rolando Tindoy', '2016-01-25'),
(210, 'laboratory', 'ST104', 27, 'Rolando Tindoy', '2016-01-25'),
(211, 'laboratory', 'ST105', 27, 'Rolando Tindoy', '2016-01-25'),
(212, 'laboratory', 'ST105', 28, 'Rolando Tindoy', '2016-01-25'),
(213, 'laboratory', 'ST104', 28, 'Rolando Tindoy', '2016-01-25'),
(214, 'laboratory', 'ST105', 29, 'Rolando Tindoy', '2016-01-25'),
(215, 'laboratory', 'ST105', 30, 'Rolando Tindoy', '2016-01-25'),
(216, 'laboratory', 'ST104', 29, 'Rolando Tindoy', '2016-01-25'),
(217, 'laboratory', 'ST105', 31, 'Rolando Tindoy', '2016-01-25'),
(218, 'laboratory', 'ST105', 32, 'Rolando Tindoy', '2016-01-25'),
(219, 'laboratory', 'ST105', 33, 'Rolando Tindoy', '2016-01-25'),
(220, 'laboratory', 'ST104', 30, 'Rolando Tindoy', '1970-01-01'),
(221, 'laboratory', 'ST105', 34, 'Rolando Tindoy', '2016-01-25'),
(222, 'laboratory', 'ST104', 31, 'Rolando Tindoy', '2016-01-25'),
(223, 'laboratory', 'ST104', 32, 'Rolando Tindoy', '2016-01-25'),
(224, 'laboratory', 'ST105', 35, 'Rolando Tindoy', '2016-01-25'),
(225, 'laboratory', 'ST104', 33, 'Rolando Tindoy', '2016-01-25'),
(226, 'laboratory', 'ST105', 36, 'Rolando Tindoy', '2016-01-25'),
(227, 'laboratory', 'ST105', 37, 'Rolando Tindoy', '2016-01-25'),
(229, 'laboratory', 'ST105', 38, 'Rolando Tindoy', '2016-01-25'),
(230, 'laboratory', 'ST105', 39, 'Rolando Tindoy', '2016-01-25'),
(231, 'laboratory', 'ST104', 34, 'Rolando Tindoy', '1970-01-01'),
(232, 'laboratory', 'ST105', 40, 'Rolando Tindoy', '2016-01-25'),
(233, 'laboratory', 'ST105', 41, 'Rolando Tindoy', '2016-01-25'),
(234, 'laboratory', 'ST104', 35, 'Rolando Tindoy', '2016-01-25'),
(235, 'laboratory', 'ST105', 42, 'Rolando Tindoy', '2016-01-25'),
(236, 'laboratory', 'ST104', 37, 'Rolando Tindoy', '2016-01-25'),
(237, 'laboratory', 'ST105', 43, 'Rolando Tindoy', '2016-01-25'),
(238, 'laboratory', 'ST105', 44, 'Rolando Tindoy', '2016-01-25'),
(239, 'laboratory', 'ST104', 36, 'Rolando Tindoy', '1970-01-01'),
(240, 'laboratory', 'ST104', 38, 'Rolando Tindoy', '2016-01-25'),
(241, 'laboratory', 'ST104', 39, 'Rolando Tindoy', '2016-01-25'),
(242, 'laboratory', 'ST104', 40, 'Rolando Tindoy', '2016-01-25'),
(243, 'laboratory', 'ST104', 41, 'Rolando Tindoy', '2016-01-25'),
(244, 'laboratory', 'ST201', 0, 'Rolando Tindoy', '2016-01-25'),
(245, 'laboratory', 'ST201', 1, 'Rolando Tindoy', '2016-01-25'),
(246, 'laboratory', 'ST104', 43, 'Rolando Tindoy', '2016-01-25'),
(247, 'laboratory', 'ST201', 2, 'Rolando Tindoy', '2016-01-25'),
(248, 'laboratory', 'ST104', 42, 'Rolando Tindoy', '1970-01-01'),
(249, 'laboratory', 'ST201', 3, 'Rolando Tindoy', '2016-01-25'),
(250, 'laboratory', 'ST201', 4, 'Rolando Tindoy', '2016-01-25'),
(251, 'laboratory', 'ST104', 44, 'Rolando Tindoy', '2016-01-25'),
(252, 'laboratory', 'ST201', 5, 'Rolando Tindoy', '2016-01-25'),
(253, 'laboratory', 'ST201', 6, 'Rolando Tindoy', '2016-01-25'),
(254, 'laboratory', 'ST202', 0, 'Rolando Tindoy', '1970-01-01'),
(255, 'laboratory', 'ST201', 9, 'Rolando Tindoy', '2016-01-25'),
(256, 'laboratory', 'ST201', 10, 'Rolando Tindoy', '2016-01-25'),
(257, 'laboratory', 'ST202', 1, 'Rolando Tindoy', '2016-01-25'),
(258, 'laboratory', 'ST201', 11, 'Rolando Tindoy', '2016-01-25'),
(260, 'laboratory', 'ST201', 12, 'Rolando Tindoy', '2016-01-25'),
(261, 'laboratory', 'ST201', 13, 'Rolando Tindoy', '2016-01-25'),
(262, 'laboratory', 'ST202', 2, 'Rolando Tindoy', '1970-01-01'),
(263, 'laboratory', 'ST201', 14, 'Rolando Tindoy', '2016-01-25'),
(264, 'laboratory', 'ST202', 3, 'Rolando Tindoy', '2016-01-25'),
(265, 'laboratory', 'ST201', 15, 'Rolando Tindoy', '2016-01-25'),
(266, 'laboratory', 'ST201', 16, 'Rolando Tindoy', '2016-01-25'),
(267, 'laboratory', 'ST202', 4, 'Rolando Tindoy', '2016-01-25'),
(268, 'laboratory', 'ST201', 17, 'Rolando Tindoy', '2016-01-25'),
(269, 'laboratory', 'ST201', 18, 'Rolando Tindoy', '2016-01-25'),
(270, 'laboratory', 'ST202', 5, 'Rolando Tindoy', '2016-01-25'),
(271, 'laboratory', 'ST202', 6, 'Rolando Tindoy', '2016-01-25'),
(272, 'laboratory', 'ST201', 19, 'Rolando Tindoy', '2016-01-25'),
(273, 'laboratory', 'ST202', 7, 'Rolando Tindoy', '1970-01-01'),
(274, 'laboratory', 'ST201', 20, 'Rolando Tindoy', '2016-01-25'),
(275, 'laboratory', 'ST201', 21, 'Rolando Tindoy', '2016-01-25'),
(276, 'laboratory', 'ST202', 8, 'Rolando Tindoy', '2016-01-25'),
(277, 'laboratory', 'ST202', 9, 'Rolando Tindoy', '2016-01-25'),
(278, 'laboratory', 'ST202', 10, 'Rolando Tindoy', '2016-01-25'),
(279, 'laboratory', 'ST201', 22, 'Rolando Tindoy', '2016-01-25'),
(280, 'laboratory', 'ST202', 11, 'Rolando Tindoy', '2016-01-25'),
(281, 'laboratory', 'ST202', 12, 'Rolando Tindoy', '2016-01-25'),
(282, 'laboratory', 'ST202', 13, 'Rolando Tindoy', '2016-01-25'),
(283, 'laboratory', 'ST202', 14, 'Rolando Tindoy', '2016-01-25'),
(284, 'laboratory', 'ST202', 15, 'Rolando Tindoy', '1970-01-01'),
(285, 'laboratory', 'ST201', 23, 'Rolando Tindoy', '2016-01-25'),
(286, 'laboratory', 'ST202', 16, 'Rolando Tindoy', '2016-01-25'),
(287, 'laboratory', 'ST201', 24, 'Rolando Tindoy', '2016-01-25'),
(288, 'laboratory', 'ST202', 17, 'Rolando Tindoy', '2016-01-25'),
(290, 'laboratory', 'ST202', 18, 'Rolando Tindoy', '2016-01-25'),
(291, 'laboratory', 'ST202', 19, 'Rolando Tindoy', '2016-01-25'),
(292, 'laboratory', 'ST201', 25, 'Rolando Tindoy', '2016-01-25'),
(293, 'laboratory', 'ST202', 20, 'Rolando Tindoy', '2016-01-25'),
(294, 'laboratory', 'ST201', 26, 'Rolando Tindoy', '2016-01-25'),
(295, 'laboratory', 'ST201', 27, 'Rolando Tindoy', '2016-01-25'),
(296, 'laboratory', 'ST202', 21, 'Rolando Tindoy', '2016-01-25'),
(297, 'laboratory', 'ST202', 22, 'Rolando Tindol', '2016-01-25'),
(298, 'laboratory', 'ST201', 28, 'Rolando Tindoy', '2016-01-25'),
(299, 'laboratory', 'ST201', 29, 'Rolando Tindoy', '2016-01-25'),
(300, 'laboratory', 'ST202', 23, 'Rolando Tindoy', '1970-01-01'),
(301, 'laboratory', 'ST202', 24, 'Rolando Tindoy', '2016-01-25'),
(302, 'laboratory', 'ST202', 25, 'Rolando Tindoy', '2016-01-25'),
(303, 'laboratory', 'ST202', 26, 'Rolando Tindoy', '1970-01-01'),
(304, 'laboratory', 'ST202', 27, 'Rolando Tindoy', '2016-01-25'),
(305, 'laboratory', 'ST201', 30, 'Rolando Tindoy', '2016-01-25'),
(306, 'laboratory', 'ST202', 28, 'Rolando Tindoy', '1970-01-01'),
(307, 'laboratory', 'ST202', 29, 'Rolando Tindoy', '2016-01-25'),
(308, 'laboratory', 'ST201', 31, 'Rolando Tindoy', '2016-01-25'),
(309, 'laboratory', 'ST201', 32, 'Rolando Tindoy', '2016-01-25'),
(310, 'laboratory', 'ST201', 33, 'Rolando Tindoy', '2016-01-25'),
(311, 'laboratory', 'ST201', 34, 'Rolando Tindoy', '2016-01-25'),
(312, 'laboratory', 'ST201', 35, 'Rolando Tindoy', '2016-01-25'),
(313, 'laboratory', 'ST201', 36, 'Rolando Tindoy', '2016-01-25'),
(314, 'laboratory', 'ST201', 37, 'Rolando Tindoy', '2016-01-25'),
(316, 'laboratory', 'ST201', 38, 'Rolando Tindoy', '2016-01-25'),
(317, 'laboratory', 'ST201', 39, 'Rolando Tindoy', '2016-01-25'),
(318, 'laboratory', 'ST201', 40, 'Rolando Tindoy', '2016-01-25'),
(319, 'laboratory', 'ST201', 41, 'Rolando Tindoy', '2016-01-25'),
(320, 'laboratory', 'ST201', 42, 'Rolando Tindoy', '2016-01-25'),
(321, 'laboratory', 'ST201', 43, 'Rolando Tindoy', '2016-01-25'),
(322, 'laboratory', 'ST202', 30, 'Rolando Tindoy', '1970-01-01'),
(323, 'laboratory', 'ST201', 44, 'Rolando Tindoy', '2016-01-25'),
(324, 'laboratory', 'ST202', 31, 'Rolando Tindoy', '2016-01-25'),
(325, 'laboratory', 'ST202', 32, 'Rolando Tindoy', '2016-01-25'),
(326, 'laboratory', 'ST202', 34, 'Rolando Tindoy', '2016-01-25'),
(327, 'laboratory', 'ST202', 35, 'Rolando Tindoy', '2016-01-25'),
(328, 'laboratory', 'ST203', 0, 'Rolando Tindoy', '2016-01-25'),
(329, 'laboratory', 'ST203', 1, 'Rolando Tindoy', '2016-01-25'),
(330, 'laboratory', 'ST202', 36, 'Rolando Tindoy', '2016-01-25'),
(331, 'laboratory', 'ST203', 2, 'Rolando Tindoy', '2016-01-25'),
(332, 'laboratory', 'ST203', 3, 'Rolando Tindoy', '2016-01-25'),
(333, 'laboratory', 'ST203', 4, 'Rolando Tindoy', '2016-01-25'),
(334, 'laboratory', 'ST202', 38, 'Rolando Tindoy', '2016-01-25'),
(335, 'laboratory', 'ST203', 5, 'Rolando Tindoy', '2016-01-25'),
(336, 'laboratory', 'ST203', 6, 'Rolando Tindoy', '2016-01-25'),
(337, 'laboratory', 'ST202', 39, 'Rolando Tindoy', '2016-01-25'),
(338, 'laboratory', 'ST203', 9, 'Rolando Tindoy', '2016-01-25'),
(339, 'laboratory', 'ST203', 10, 'Rolando Tindoy', '2016-01-25'),
(340, 'laboratory', 'ST202', 40, 'Rolando Tindoy', '2016-01-25'),
(341, 'laboratory', 'ST203', 11, 'Rolando Tindoy', '2016-01-25'),
(342, 'laboratory', 'ST202', 41, 'Rolando Tindoy', '2016-01-25'),
(343, 'laboratory', 'ST203', 12, 'Rolando Tindoy', '2016-01-25'),
(344, 'laboratory', 'ST202', 42, 'Rolando Tindoy', '2016-01-25'),
(345, 'laboratory', 'ST203', 13, 'Rolando Tindoy', '2016-01-25'),
(346, 'laboratory', 'ST203', 14, 'Rolando Tindoy', '2016-01-25'),
(347, 'laboratory', 'ST202', 43, 'Rolando Tindoy', '2016-01-25'),
(349, 'laboratory', 'ST203', 15, 'Rolando Tindoy', '2016-01-25'),
(350, 'laboratory', 'ST202', 44, 'Rolando Tindoy', '2016-01-25'),
(351, 'laboratory', 'ST203', 16, 'Rolando Tindoy', '2016-01-25'),
(352, 'laboratory', 'ST203', 17, 'Rolando Tindoy', '2016-01-25'),
(353, 'laboratory', 'ST203', 18, 'Rolando Tindoy', '2016-01-25'),
(354, 'laboratory', 'ST202', 33, 'Rolando Tindol', '1970-01-01'),
(355, 'laboratory', 'ST203', 19, 'Rolando Tindoy', '2016-01-25'),
(356, 'laboratory', 'ST203', 20, 'Rolando Tindoy', '2016-01-25'),
(357, 'laboratory', 'ST202', 37, 'Rolando Tindol', '2016-01-25'),
(358, 'laboratory', 'ST203', 21, 'Rolando Tindoy', '2016-01-25'),
(359, 'laboratory', 'ST203', 22, 'Rolando Tindoy', '2016-01-25'),
(360, 'laboratory', 'ST204', 0, 'Rolando Tindoy', '1970-01-01'),
(361, 'laboratory', 'ST203', 23, 'Rolando Tindoy', '2016-01-25'),
(362, 'laboratory', 'ST203', 24, 'Rolando Tindoy', '2016-01-25'),
(363, 'laboratory', 'ST204', 1, 'Rolando Tindoy', '2016-01-25'),
(364, 'laboratory', 'ST203', 25, 'Rolando Tindoy', '2016-01-25'),
(365, 'laboratory', 'ST203', 26, 'Rolando Tindoy', '2016-01-25'),
(366, 'laboratory', 'ST204', 2, 'Rolando Tindoy', '2016-01-25'),
(367, 'laboratory', 'ST203', 27, 'Rolando Tindoy', '2016-01-25'),
(368, 'laboratory', 'ST204', 3, 'Rolando Tindoy', '2016-01-25'),
(370, 'laboratory', 'ST204', 4, 'Rolando Tindoy', '2016-01-25'),
(371, 'laboratory', 'ST203', 28, 'Rolando Tindoy', '2016-01-25'),
(372, 'laboratory', 'ST203', 29, 'Rolando Tindoy', '2016-01-25'),
(373, 'laboratory', 'ST204', 5, 'Rolando Tindoy', '2016-01-25'),
(374, 'laboratory', 'ST204', 7, 'Rolando Tindoy', '2016-01-25'),
(375, 'laboratory', 'ST203', 30, 'Rolando Tindoy', '2016-01-25'),
(376, 'laboratory', 'ST204', 8, 'Rolando Tindoy', '2016-01-25'),
(377, 'laboratory', 'ST204', 9, 'Rolando Tindoy', '2016-01-25'),
(378, 'laboratory', 'ST203', 31, 'Rolando Tindoy', '2016-01-25'),
(379, 'laboratory', 'ST204', 10, 'Rolando Tindoy', '2016-01-25'),
(380, 'laboratory', 'ST203', 32, 'Rolando Tindoy', '2016-01-25'),
(381, 'laboratory', 'ST203', 34, 'Rolando Tindoy', '2016-01-25'),
(382, 'laboratory', 'ST204', 11, 'Rolando Tindoy', '2016-01-25'),
(383, 'laboratory', 'ST203', 35, 'Rolando Tindoy', '2016-01-25'),
(384, 'laboratory', 'ST203', 36, 'Rolando Tindoy', '2016-01-25'),
(385, 'laboratory', 'ST203', 37, 'Rolando Tindoy', '2016-01-25'),
(386, 'laboratory', 'ST203', 38, 'Rolando Tindoy', '2016-01-25'),
(387, 'laboratory', 'ST203', 39, 'Rolando Tindoy', '2016-01-25'),
(388, 'laboratory', 'ST203', 40, 'Rolando Tindoy', '2016-01-25'),
(389, 'laboratory', 'ST203', 41, 'Rolando Tindoy', '2016-01-25'),
(390, 'laboratory', 'ST203', 42, 'Rolando Tindoy', '2016-01-25'),
(392, 'laboratory', 'ST203', 43, 'Rolando Tindoy', '2016-01-25'),
(393, 'laboratory', 'ST203', 44, 'Rolando Tindoy', '2016-01-25'),
(394, 'laboratory', 'ST205', 0, 'Rolando Tindoy', '2016-01-25'),
(395, 'laboratory', 'ST204', 6, 'Rolando Tindoy', '1970-01-01'),
(396, 'laboratory', 'ST205', 1, 'Rolando Tindoy', '2016-01-25'),
(397, 'laboratory', 'ST205', 2, 'Rolando Tindoy', '2016-01-25'),
(398, 'laboratory', 'ST204', 12, 'Rolando Tindoy', '2016-01-25'),
(399, 'laboratory', 'ST205', 3, 'Rolando Tindoy', '2016-01-25'),
(400, 'laboratory', 'ST205', 4, 'Rolando Tindoy', '2016-01-25'),
(401, 'laboratory', 'ST205', 5, 'Rolando Tindoy', '2016-01-25'),
(402, 'laboratory', 'ST204', 13, 'Rolando Tindoy', '2016-01-25'),
(403, 'laboratory', 'ST205', 6, 'Rolando Tindoy', '2016-01-25'),
(404, 'laboratory', 'ST204', 14, 'Rolando Tindoy', '2016-01-25'),
(405, 'laboratory', 'ST205', 9, 'Rolando Tindoy', '2016-01-25'),
(406, 'laboratory', 'ST205', 10, 'Rolando Tindoy', '2016-01-25'),
(407, 'laboratory', 'ST205', 11, 'Rolando Tindoy', '2016-01-25'),
(408, 'laboratory', 'ST204', 15, 'Rolando Tindoy', '2016-01-25'),
(409, 'laboratory', 'ST205', 12, 'Rolando Tindoy', '2016-01-25'),
(410, 'laboratory', 'ST204', 16, 'Rolando Tindoy', '2016-01-25'),
(411, 'laboratory', 'ST205', 13, 'Rolando Tindoy', '2016-01-25'),
(412, 'laboratory', 'ST205', 14, 'Rolando Tindoy', '2016-01-25'),
(413, 'laboratory', 'ST204', 17, 'Rolando Tindoy', '2016-01-25'),
(414, 'laboratory', 'ST205', 15, 'Rolando Tindoy', '2016-01-25'),
(415, 'laboratory', 'ST205', 16, 'Rolando Tindoy', '2016-01-25'),
(416, 'laboratory', 'ST205', 17, 'Rolando Tindoy', '2016-01-25'),
(417, 'laboratory', 'ST204', 18, 'Rolando Tindoy', '2016-01-25'),
(418, 'laboratory', 'ST205', 18, 'Rolando Tindoy', '2016-01-25'),
(419, 'laboratory', 'ST205', 19, 'Rolando Tindoy', '2016-01-25'),
(420, 'laboratory', 'ST204', 19, 'Rolando Tindoy', '2016-01-25'),
(421, 'laboratory', 'ST205', 20, 'Rolando Tindoy', '2016-01-25'),
(422, 'laboratory', 'ST205', 21, 'Rolando Tindoy', '2016-01-25'),
(423, 'laboratory', 'ST204', 20, 'Rolando Tindoy', '2016-01-25'),
(424, 'laboratory', 'ST205', 22, 'Rolando Tindoy', '2016-01-25'),
(425, 'laboratory', 'ST205', 23, 'Rolando Tindoy', '2016-01-25'),
(426, 'laboratory', 'ST204', 21, 'Rolando Tindoy', '2016-01-25'),
(427, 'laboratory', 'ST205', 24, 'Rolando Tindoy', '2016-01-25'),
(428, 'laboratory', 'ST205', 25, 'Rolando Tindoy', '2016-01-25'),
(429, 'laboratory', 'ST204', 22, 'Rolando Tindoy', '2016-01-25'),
(430, 'laboratory', 'ST205', 26, 'Rolando Tindoy', '2016-01-25'),
(432, 'laboratory', 'ST204', 23, 'Rolando Tindoy', '2016-01-25'),
(433, 'laboratory', 'ST205', 27, 'Rolando Tindoy', '2016-01-25'),
(434, 'laboratory', 'ST205', 28, 'Rolando Tindoy', '2016-01-25'),
(435, 'laboratory', 'ST204', 24, 'Rolando Tindoy', '2016-01-25'),
(436, 'laboratory', 'ST205', 29, 'Rolando Tindoy', '2016-01-25'),
(437, 'laboratory', 'ST205', 30, 'Rolando Tindoy', '2016-01-25'),
(438, 'laboratory', 'ST204', 25, 'Rolando Tindoy', '2016-01-25'),
(439, 'laboratory', 'ST205', 31, 'Rolando Tindoy', '2016-01-25'),
(440, 'laboratory', 'ST205', 32, 'Rolando Tindoy', '2016-01-25'),
(441, 'laboratory', 'ST205', 33, 'Rolando Tindoy', '2016-01-25'),
(442, 'laboratory', 'ST205', 34, 'Rolando Tindoy', '2016-01-25'),
(443, 'laboratory', 'ST205', 35, 'Rolando Tindoy', '2016-01-25'),
(444, 'laboratory', 'ST204', 26, 'Rolando Tindoy', '1970-01-01'),
(445, 'laboratory', 'ST205', 36, 'Rolando Tindoy', '2016-01-25'),
(446, 'laboratory', 'ST205', 37, 'Rolando Tindoy', '2016-01-25'),
(447, 'laboratory', 'ST204', 27, 'Rolando Tindoy', '2016-01-25'),
(448, 'laboratory', 'ST205', 38, 'Rolando Tindoy', '2016-01-25'),
(449, 'laboratory', 'ST205', 39, 'Rolando Tindoy', '2016-01-25'),
(450, 'laboratory', 'ST204', 28, 'Rolando Tindoy', '2016-01-25'),
(451, 'laboratory', 'ST205', 40, 'Rolando Tindoy', '2016-01-25'),
(452, 'laboratory', 'ST204', 29, 'Rolando Tindoy', '2016-01-25'),
(453, 'laboratory', 'ST205', 41, 'Rolando Tindoy', '2016-01-25'),
(454, 'laboratory', 'ST205', 42, 'Rolando Tindoy', '2016-01-25'),
(455, 'laboratory', 'ST204', 30, 'Rolando Tindoy', '2016-01-25'),
(456, 'laboratory', 'ST205', 43, 'Rolando Tindoy', '2016-01-25'),
(457, 'laboratory', 'ST205', 44, 'Rolando Tindoy', '2016-01-25'),
(458, 'laboratory', 'ST204', 31, 'Rolando Tindoy', '2016-01-25'),
(459, 'laboratory', 'ST205', 45, 'Rolando Tindoy', '2016-01-25'),
(460, 'laboratory', 'ST205', 46, 'Rolando Tindoy', '2016-01-25'),
(461, 'laboratory', 'ST204', 32, 'Rolando Tindoy', '2016-01-25'),
(462, 'laboratory', 'ST205', 47, 'Rolando Tindoy', '2016-01-25'),
(463, 'laboratory', 'ST205', 48, 'Rolando Tindoy', '2016-01-25'),
(464, 'laboratory', 'ST204', 34, 'Rolando Tindoy', '2016-01-25'),
(465, 'laboratory', 'ST204', 40, 'Rolando Tindoy', '2016-01-25'),
(466, 'laboratory', 'ST204', 41, 'Rolando Tindoy', '2016-01-25'),
(467, 'laboratory', 'ST204', 33, 'Rolando Tindoy', '1970-01-01'),
(468, 'laboratory', 'ST204', 42, 'Rolando Tindoy', '2016-01-25'),
(469, 'laboratory', 'ST204', 35, 'Rolando Tindoy', '2016-01-25'),
(470, 'laboratory', 'ST204', 44, 'Rolando Tindoy', '2016-01-25'),
(471, 'laboratory', 'ST204', 36, 'Rolando Tindoy', '2016-01-25'),
(472, 'laboratory', 'ST204', 43, 'Rolando Tindoy', '2016-01-25'),
(473, 'laboratory', 'ST204', 38, 'Rolando Tindoy', '2016-01-25'),
(475, 'laboratory', 'ST204', 39, 'Rolando Tindoy', '2016-01-25'),
(476, 'laboratory', 'ST204', 37, 'Rolando Tindoy', '2016-01-25'),
(477, 'laboratory', 'ST305', 0, 'Rolando Tindoy', '2016-01-25'),
(478, 'laboratory', 'ST305', 1, 'Rolando Tindoy', '2016-01-25'),
(479, 'laboratory', 'ST305', 2, 'Rolando Tindoy', '2016-01-25'),
(480, 'laboratory', 'ST305', 3, 'Rolando Tindoy', '2016-01-25'),
(481, 'laboratory', 'ST305', 4, 'Rolando Tindoy', '2016-01-25'),
(482, 'laboratory', 'ST305', 5, 'Rolando Tindoy', '2016-01-25'),
(483, 'laboratory', 'ST305', 6, 'Rolando Tindoy', '2016-01-25'),
(485, 'laboratory', 'ST305', 7, 'Rolando Tindoy', '2016-01-25'),
(486, 'laboratory', 'ST305', 8, 'Rolando Tindoy', '2016-01-25'),
(488, 'laboratory', 'ST305', 9, 'Rolando Tindoy', '2016-01-25'),
(489, 'laboratory', 'ST305', 10, 'Rolando Tindoy', '2016-01-25'),
(490, 'laboratory', 'ST305', 11, 'Rolando Tindoy', '2016-01-25'),
(491, 'laboratory', 'ST305', 12, 'Rolando Tindoy', '2016-01-25'),
(492, 'laboratory', 'ST305', 13, 'Rolando Tindoy', '2016-01-25'),
(493, 'laboratory', 'ST305', 14, 'Rolando Tindoy', '2016-01-25'),
(494, 'laboratory', 'ST305', 15, 'Rolando Tindoy', '2016-01-25'),
(495, 'laboratory', 'ST305', 16, 'Rolando Tindoy', '2016-01-25'),
(496, 'laboratory', 'ST305', 17, 'Rolando Tindoy', '2016-01-25'),
(497, 'office', 'CCSFAC', 1, 'Cherry Lyn Sta. Romana', '2016-01-29'),
(498, 'office', 'CCSFAC', 2, 'Cherry Lyn Sta. Romana', '2016-01-29'),
(499, 'office', 'CCSFAC', 3, 'Cherry Lyn Sta. Romana', '2016-01-29'),
(500, 'office', 'CCSFAC', 4, 'Cherry Lyn Sta. Romana', '2016-01-29'),
(501, 'office', 'TSG', 1, 'Rolando Tindoy', '2016-01-29'),
(502, 'office', 'TSG', 2, 'Jonathan Pacana', '2016-01-29'),
(504, 'office', 'TSG', 3, 'Brian Ferolino', '2016-01-29'),
(505, 'office', 'TSG', 4, 'Dexter Cabije', '2016-01-29'),
(506, 'office', 'TSG', 5, 'Nas (non-academic Student)', '2016-01-29'),
(507, 'office', 'TSG', 6, 'Operator Rolando Tindoy', '2016-01-29'),
(508, 'lecture', 'ST301', 1, 'Rolando Tindoy', '2016-01-29'),
(509, 'lecture', 'ST302', 1, 'Rolando Tindoy', '2016-01-29'),
(510, 'lecture', 'ST303', 1, 'Rolando Tindoy', '2016-01-29'),
(511, 'lecture', 'ST308', 1, 'Rolando Tindoy', '2016-01-29'),
(512, 'lecture', 'ST309', 1, 'Rolando Tindoy', '2016-01-29'),
(513, 'lecture', 'ST310', 1, 'Rolando Tindoy', '2016-01-29'),
(514, 'office', 'CONFAC', 1, 'Judith Ismael', '2016-01-29'),
(515, 'office', 'SMDTC', 1, 'Jaim', '2016-01-29'),
(516, 'office', 'SMDTC', 2, 'Bathan', '2016-01-29'),
(517, 'office', 'SMDTC', 3, 'Sencio', '2016-01-29'),
(518, 'office', 'SMDTC', 4, 'Saguin', '2016-01-29'),
(519, 'office', 'EL', 1, 'Ralph Laviste', '2016-01-29'),
(520, 'office', 'EL', 2, 'Erol', '2016-01-29'),
(521, 'office', 'ISL', 1, 'Chris Jordan Aliac', '2016-01-29'),
(522, 'department', 'CPE', 1, 'Roel Lauron', '2016-01-29'),
(523, 'department', 'CPE', 2, 'Rafran De Villa', '2016-01-29'),
(524, 'department', 'CPE', 3, 'Nas (non-academic Student)', '2016-01-29'),
(525, 'department', 'CON', 1, 'Wala Pa Diri', '2016-01-29'),
(526, 'department', 'CAS', 1, 'Wala Pa Diri', '2016-01-29'),
(527, 'department', 'CEA', 1, 'Wala Pa Diri', '2016-01-29'),
(528, 'department', 'CCS', 1, 'Wala Pa Diri', '2016-01-29'),
(529, 'department', 'CMBA', 1, 'Wala Pa Diri', '2016-01-29'),
(530, 'office', 'SAO', 1, 'Wala Pa Diri', '2016-01-29'),
(531, 'office', 'SAO', 2, 'Wala Pa Diri', '2016-01-29'),
(532, 'office', 'SAO', 3, 'Wala Pa Diri', '2016-01-29'),
(533, 'department', 'CAS', 2, 'Wala Pa Diri', '2016-01-29'),
(534, 'department', 'CAS', 3, 'Wala Pa Diri', '2016-01-29'),
(536, 'department', 'CCS', 2, 'Cherry Lyn Sta. Romana', '2016-01-29'),
(537, 'department', 'CCS', 3, 'Cherry Lyn Sta. Romana', '2016-01-29'),
(538, 'department', 'CEA', 2, 'Wala Pa Diri', '2016-01-29'),
(539, 'department', 'CEA', 3, 'Wala Pa Diri', '2016-01-29'),
(540, 'department', 'CMBA', 2, 'Wala Pa Diri', '2016-01-29'),
(541, 'department', 'CEA', 4, 'Wala Pa Diri', '2016-01-29'),
(542, 'department', 'CON', 2, 'Wala Pa Diri', '2016-01-29'),
(543, 'department', 'CON', 3, 'Wala Pa Diri', '2016-01-29'),
(544, 'lecture', 'E200', 1, 'Rolando Tindoysss', '2016-02-04');

-- --------------------------------------------------------

--
-- Table structure for table `computer_resources`
--

CREATE TABLE IF NOT EXISTS `computer_resources` (
  `resource_id` int(11) NOT NULL AUTO_INCREMENT,
  `resource_name` varchar(255) NOT NULL,
  `type` varchar(255) NOT NULL,
  `date_added` timestamp NOT NULL DEFAULT CURRENT_TIMESTAMP,
  PRIMARY KEY (`resource_id`)
) ENGINE=InnoDB  DEFAULT CHARSET=latin1 AUTO_INCREMENT=50 ;

--
-- Dumping data for table `computer_resources`
--

INSERT INTO `computer_resources` (`resource_id`, `resource_name`, `type`, `date_added`) VALUES
(5, 'Hard Disk Drive', 'hardware', '2016-01-29 05:35:13'),
(6, 'RAM (Random Access Memory)', 'hardware', '2016-01-29 05:35:41'),
(7, 'Video Card', 'hardware', '2016-01-29 05:35:52'),
(8, 'Power Supply', 'hardware', '2016-01-29 05:36:08'),
(9, 'Mouse ', 'hardware', '2016-01-29 05:36:16'),
(10, 'Keyboard', 'hardware', '2016-01-29 05:36:21'),
(11, 'Monitor', 'hardware', '2016-01-29 05:36:28'),
(12, 'Speaker', 'hardware', '2016-01-29 05:36:44'),
(13, 'Mother Board', 'hardware', '2016-01-29 05:36:55'),
(15, 'CMOS Battery', 'hardware', '2016-01-29 05:38:06'),
(16, 'NIC (Network Interface Controller)', 'hardware', '2016-01-29 05:39:23'),
(17, 'CD-ROM (Compact Disk- Read-only-memory)', 'hardware', '2016-01-29 05:40:56'),
(18, 'Processor', 'hardware', '2016-01-29 05:41:46'),
(19, 'Sound Card', 'hardware', '2016-01-29 05:41:55'),
(20, 'Windows OS (Operating System)', 'software', '2016-01-29 05:43:49'),
(21, 'Textpad', 'software', '2016-01-29 05:44:04'),
(22, 'Dev C++', 'software', '2016-01-29 05:44:16'),
(23, 'Microsoft Visual Basic 6.0', 'software', '2016-01-29 05:44:42'),
(24, 'Microsoft Visual Basic 2010', 'software', '2016-01-29 05:45:09'),
(25, 'Autocad Civil 3D', 'software', '2016-01-29 05:45:34'),
(26, 'USB Port', 'hardware', '2016-01-29 05:45:50'),
(27, '360 Total Security', 'software', '2016-01-29 05:46:54'),
(28, 'Avast ', 'software', '2016-01-29 05:47:10'),
(29, 'TV Monitor', 'hardware', '2016-01-29 05:48:02'),
(30, 'VGA Cables', 'hardware', '2016-01-29 05:48:19'),
(31, 'HDMI Cables', 'hardware', '2016-01-29 05:48:32'),
(32, 'Adobe Photoshop CS6', 'software', '2016-01-29 05:50:22'),
(33, 'Adobe Flash CS6', 'software', '2016-01-29 05:50:54'),
(34, 'Adobe Premiere CS6', 'software', '2016-01-29 05:51:07'),
(35, 'Adobe Illustrator CS6', 'software', '2016-01-29 05:51:20'),
(36, 'Adobe After Effects CS6', 'software', '2016-01-29 05:51:47'),
(37, 'Microsoft Office 2013', 'software', '2016-01-29 05:52:16'),
(38, 'Chrome', 'software', '2016-01-29 05:52:53'),
(39, 'Packet Tracer', 'software', '2016-01-29 05:53:28'),
(40, 'Mozilla Firefox', 'software', '2016-01-29 05:53:40'),
(41, 'UPS', 'hardware', '2016-01-29 07:53:25'),
(42, 'Operating System', 'software', '2016-01-29 07:59:32'),
(43, 'Astah', 'software', '2016-01-29 08:22:26'),
(44, 'Xampp', 'software', '2016-01-29 08:22:34'),
(45, 'Printer', 'hardware', '2016-01-29 08:32:19'),
(46, 'Netbeans', 'software', '2016-01-29 08:34:00'),
(47, 'Eclipse', 'software', '2016-01-29 08:38:14'),
(48, 'Octave', 'software', '2016-02-10 15:25:37'),
(49, 'Microsoft Office 2010', 'software', '2016-02-10 15:32:31');

-- --------------------------------------------------------

--
-- Table structure for table `logs`
--

CREATE TABLE IF NOT EXISTS `logs` (
  `id` int(11) NOT NULL AUTO_INCREMENT,
  `ref_no` int(11) NOT NULL,
  `computer_name` varchar(255) NOT NULL,
  `activities` varchar(255) NOT NULL,
  `date_added` timestamp NOT NULL DEFAULT CURRENT_TIMESTAMP,
  PRIMARY KEY (`id`)
) ENGINE=InnoDB DEFAULT CHARSET=latin1 AUTO_INCREMENT=1 ;

-- --------------------------------------------------------

--
-- Table structure for table `rooms`
--

CREATE TABLE IF NOT EXISTS `rooms` (
  `room_id` int(11) NOT NULL AUTO_INCREMENT,
  `room_no` varchar(255) NOT NULL,
  `date_added` timestamp NOT NULL DEFAULT CURRENT_TIMESTAMP,
  PRIMARY KEY (`room_id`),
  UNIQUE KEY `room_no` (`room_no`)
) ENGINE=InnoDB  DEFAULT CHARSET=latin1 AUTO_INCREMENT=47 ;

--
-- Dumping data for table `rooms`
--

INSERT INTO `rooms` (`room_id`, `room_no`, `date_added`) VALUES
(1, 'ST101', '2016-01-23 19:54:38'),
(2, 'ST102', '2016-01-23 19:54:47'),
(4, 'ST103', '2016-01-23 19:56:58'),
(5, 'ST104', '2016-01-23 19:57:24'),
(6, 'ST105', '2016-01-23 19:57:39'),
(7, 'ST201', '2016-01-23 19:57:56'),
(8, 'ST202', '2016-01-23 19:58:25'),
(9, 'ST203', '2016-01-23 19:58:39'),
(11, 'ST204', '2016-01-23 20:00:34'),
(12, 'ST205', '2016-01-23 20:00:45'),
(13, 'RM301', '2016-01-23 20:02:03'),
(14, 'RM302', '2016-01-23 20:02:26'),
(15, 'RM303', '2016-01-23 20:02:36'),
(16, 'ST305', '2016-01-23 20:03:39'),
(17, 'RM308', '2016-01-23 20:03:52'),
(18, 'RM309', '2016-01-23 20:03:57'),
(19, 'RM310', '2016-01-23 20:04:06'),
(20, 'ST106', '2016-01-23 20:09:33'),
(21, 'ST206', '2016-01-23 20:10:13'),
(22, 'ST207', '2016-01-23 20:10:57'),
(23, 'ST107', '2016-01-23 20:11:59'),
(24, 'ST306', '2016-01-23 20:13:14'),
(25, 'ST307', '2016-01-23 20:15:05'),
(26, 'ST304', '2016-01-23 20:16:13'),
(27, 'ST406', '2016-01-23 20:16:39'),
(28, 'ST407', '2016-01-23 20:17:14'),
(29, 'ST301', '2016-01-23 20:18:05'),
(30, 'ST302', '2016-01-23 20:18:20'),
(31, 'ST303', '2016-01-23 20:18:27'),
(32, 'ST308', '2016-01-23 20:18:34'),
(34, 'ST309', '2016-01-23 20:19:30'),
(35, 'ST310', '2016-01-23 20:19:52'),
(36, 'E200', '2016-01-23 20:21:22'),
(37, 'E202', '2016-01-23 20:21:59'),
(38, 'E204', '2016-01-23 20:22:04'),
(39, 'E208', '2016-01-23 20:22:21'),
(40, 'E210', '2016-01-23 20:22:31'),
(41, 'E212', '2016-01-23 20:22:44'),
(42, 'E214', '2016-01-23 20:22:54'),
(43, 'E206', '2016-01-23 20:23:43'),
(44, '2', '2016-01-29 07:57:35'),
(45, '3', '2016-01-29 08:01:34'),
(46, '4', '2016-01-29 08:03:29');

-- --------------------------------------------------------

--
-- Table structure for table `service_order`
--

CREATE TABLE IF NOT EXISTS `service_order` (
  `ref_no` int(11) NOT NULL AUTO_INCREMENT,
  `emp_id` varchar(255) NOT NULL,
  `emp_name` varchar(255) NOT NULL,
  `cluster_id` int(11) NOT NULL,
  `position` varchar(255) NOT NULL,
  `contact_no` varchar(255) NOT NULL,
  `complaint_resource_id` int(11) NOT NULL,
  `complaint_details` varchar(255) NOT NULL,
  `computer_name` varchar(255) NOT NULL,
  `if_pulled_out` tinyint(1) NOT NULL,
  `is_urgent` tinyint(1) NOT NULL DEFAULT '0',
  `date_added` timestamp NOT NULL DEFAULT CURRENT_TIMESTAMP,
  PRIMARY KEY (`ref_no`)
) ENGINE=InnoDB  DEFAULT CHARSET=latin1 AUTO_INCREMENT=58 ;

--
-- Dumping data for table `service_order`
--

INSERT INTO `service_order` (`ref_no`, `emp_id`, `emp_name`, `cluster_id`, `position`, `contact_no`, `complaint_resource_id`, `complaint_details`, `computer_name`, `if_pulled_out`, `is_urgent`, `date_added`) VALUES
(1, '2008-81902', 'Patrick Gimena', 5, 'Nas', '111', 5, 'Defective Hard Disk\r\nSerial Number: S12DJ9DP902555\r\nBrand: Samsung', 'ST203WS03', 1, 0, '2016-02-10 12:56:58'),
(2, '2008-81902', 'Patrick Gimena', 5, 'Nas', '111', 20, 'Need Repair OS', 'ST203WS34', 1, 0, '2016-02-10 13:03:19'),
(3, '2008-81902', 'Patrick Gimena', 5, 'Nas', '111', 20, 'Need Repair OS', 'ST203WS01', 1, 0, '2016-02-10 13:06:27'),
(4, '2008-81902', 'Patrick Gimena', 5, 'Nas', '111', 20, 'Always Restarting', 'ST201WS22', 1, 0, '2016-02-10 13:09:33'),
(5, '2008-81902', 'Patrick Gimena', 5, 'Nas', '111', 45, 'For Printing Grades SMDTC', 'NA', 1, 0, '2016-02-10 13:15:34'),
(6, '2008-81902', 'Patrick Gimena', 5, 'Nas', '111', 11, 'No Power Monitor LCD DELL', 'ST201WS38', 1, 0, '2016-02-10 13:17:40'),
(7, '2008-80245', 'Michael Amaleona', 5, 'Nas', '111', 5, 'Slow Processing', 'ST203WS13', 1, 0, '2016-02-10 13:26:15'),
(8, '2008-80245', 'Michael Amaleona', 5, 'Nas', '111', 26, 'USB Port Defective, Over Current', 'ST203WS26', 1, 0, '2016-02-10 13:31:58'),
(9, '2008-80245', 'Michael Amaleona', 5, 'Nas', '111', 8, 'No Display', 'ST203WS04', 1, 0, '2016-02-10 13:38:09'),
(10, '2008-80245', 'Michael Amaleona', 5, 'Nas', '111', 13, 'No Display', 'ST205WS32', 1, 0, '2016-02-10 13:52:08'),
(11, '2008-80245', 'Michael Amaleona', 5, 'Nas', '111', 20, 'Can''t Load to OS', 'ST203WS31', 1, 0, '2016-02-10 13:56:08'),
(12, '2008-80245', 'Michael Amaleona', 5, 'Nas', '111', 20, 'Slow Processing', 'ST203WS12', 1, 0, '2016-02-10 13:58:46'),
(13, '2008-80245', 'Michael Amaleona', 5, 'Nas', '111', 10, 'Defective Keyboard', 'ST308WS01', 1, 0, '2016-02-10 14:01:57'),
(14, '2008-80245', 'Michael Amaleona', 5, 'Nas', '111', 9, 'Defective mouse\r\nlose connection', 'ST203WS15', 1, 0, '2016-02-10 14:05:29'),
(15, '2008-80245', 'Michael Amaleona', 5, 'Nas', '111', 5, 'HDD Defective, Seagate 160Gb, S/N: 9RABANBZ ', 'ST203WS21', 1, 0, '2016-02-10 14:19:51'),
(16, '2008-80245', 'Michael Amaleona', 5, 'Nas', '111', 11, 'No Power\r\nS/N: CN-0FWRNR-72878-1C6-A6NL', 'ST201WS27', 1, 0, '2016-02-10 14:30:06'),
(17, '2008-80245', 'Michael Amaleona', 5, 'Nas', '111', 9, 'Defective Mouse', 'ST101WS09', 1, 0, '2016-02-10 14:42:39'),
(18, '2008-80245', 'Michael Amaleona', 5, 'Nas', '111', 8, 'Defective Power Supply ', 'ST101WS42', 1, 0, '2016-02-10 14:49:35'),
(19, '2008-80245', 'Michael Amaleona', 5, 'Nas', '111', 8, 'No Display', 'ST101WS09', 1, 0, '2016-02-10 14:53:41'),
(20, '2008-80245', 'Michael Amaleona', 5, 'Nas', '111', 8, 'Power Supply Defective', 'ST101WS04', 1, 0, '2016-02-10 14:57:50'),
(21, '2011-92002', 'Arthur Armamento', 5, 'Nas', '111', 8, 'Slow Processing', 'ST203WS13', 1, 0, '2016-02-10 15:07:05'),
(22, '9281', 'Johnalyn L. Figueras', 2, 'Faculty', '110', 13, 'No Power', 'CCSFACWS03', 1, 0, '2016-02-10 15:13:07'),
(23, '2011-92002', 'Arthur Armamento', 5, 'Nas', '111', 13, 'Defective Turn On and Restart Button', 'ST204WS11', 1, 0, '2016-02-10 15:16:05'),
(24, '2013-29201', 'George Villahermosa', 5, 'Nas', '111', 8, 'Defective Power Supply', 'TSGWS03', 1, 0, '2016-02-10 15:19:41'),
(25, '9201', 'Ligemm Mae Del Castillo', 9, 'Faculty', '110', 48, 'Install Octave 3.6.4 in ST203 PC''s', 'NA', 1, 0, '2016-02-10 15:27:38'),
(26, '2012-0001', 'Gerry Payla Jr.', 6, 'Nas', '190', 49, 'Install Microsoft Office 2010', 'CPEWS02', 1, 0, '2016-02-10 15:33:48'),
(27, '2012-29029', 'Kervin Antigua', 5, 'Nas', '111', 28, 'Virus Scan', 'ST205WS06', 1, 0, '2016-02-10 15:38:08'),
(28, '2011-29021', 'Mc Jeve Gindap', 5, 'Nas', '111', 11, 'No display monitor(display fluctuating)', 'ST201WS28', 1, 0, '2016-02-10 15:41:18'),
(29, '2011-92002', 'Arthur Armamento', 5, 'Nas', '111', 11, 'Cannot be turned on monitor\r\nSERIAL #: CN-0FWRNR-72872-1C6-AGWL', 'ST201WS33', 1, 0, '2016-02-10 15:45:25'),
(30, '2011-92002', 'Arthur Armamento', 5, 'Nas', '111', 9, 'No Power \r\nDELL MONITOR\r\nS/N:CN-OFWRNR-72872-1C6-AGHL', 'ST201WS43', 1, 0, '2016-02-10 15:47:47'),
(31, '2008-81902', 'Patrick Gimena', 5, 'Nas', '111', 38, 'Force Close In Chrome', 'ST101WS13', 1, 0, '2016-02-10 15:50:32'),
(32, '2011-92002', 'Arthur Armamento', 5, 'Nas', '111', 28, 'Virus Scan', 'ST101WS13', 1, 0, '2016-02-10 15:53:23'),
(33, '2013-29201', 'George Villahermosa', 5, 'Nas', '111', 6, 'Slow Processing', 'ST202WS02', 1, 0, '2016-02-10 16:05:45'),
(34, '2012-0001', 'Gerry Payla Jr.', 6, 'Nas', '190', 20, 'Upgrade Version to Windows 7', 'CPEWS02', 1, 0, '2016-02-10 16:16:11'),
(35, '2012-0001', 'Gerry Payla Jr.', 6, 'Nas', '190', 38, 'Reinstall chrome\r\naw snap Problem', 'CPEWS02', 1, 0, '2016-02-14 10:23:32'),
(36, '2011-92002', 'Arthur Armamento', 5, 'Nas', '111', 22, 'Cannot Compile', 'ST101WS10', 1, 0, '2016-02-14 10:25:36'),
(37, '2013-29201', 'George Villahermosa', 5, 'Nas', '111', 49, 'Microsoft Office Activation Required', 'ST204WS06', 1, 0, '2016-02-14 10:26:27'),
(38, '2012-29029', 'Kervin Antigua', 5, 'Nas', '111', 21, 'Cannot Run', 'ST202WS07', 1, 0, '2016-02-14 10:27:31'),
(39, '2011-29021', 'Mc Jeve Gindap', 5, 'Nas', '111', 49, 'Activation Required', 'ST101WS16', 1, 0, '2016-02-14 10:31:21'),
(40, '2012-29029', 'Kervin Antigua', 5, 'Nas', '111', 29, 'No Display', 'ST302WS01', 1, 0, '2016-02-14 10:33:16'),
(41, '2013-29201', 'George Villahermosa', 5, 'Nas', '111', 38, 'Aw Snap Problem', 'ST203WS38', 1, 0, '2016-02-14 10:35:18'),
(42, '2011-29021', 'Mc Jeve Gindap', 5, 'Nas', '111', 40, 'Force Close Problem', 'TSGWS01', 1, 0, '2016-02-14 10:37:35'),
(43, '2011-92002', 'Arthur Armamento', 5, 'Nas', '111', 25, 'Activation Required', 'ST101WS04', 1, 0, '2016-02-14 10:39:02'),
(44, '2012-0001', 'Gerry Payla Jr.', 6, 'Nas', '190', 22, 'Canot Run', 'ST101WS10', 1, 0, '2016-02-14 10:40:48'),
(45, '2013-29201', 'George Villahermosa', 5, 'Nas', '111', 26, 'Overpower USB port', 'ST101WS13', 1, 0, '2016-02-14 10:41:17'),
(46, '2012-29029', 'Kervin Antigua', 5, 'Nas', '111', 15, 'Weak Battery', 'E200WS01', 1, 0, '2016-02-14 10:42:00'),
(47, '2011-92002', 'Arthur Armamento', 5, 'Nas', '111', 23, 'Cannot Run', 'ST101WS11', 1, 0, '2016-02-14 10:48:01'),
(48, '2013-29201', 'George Villahermosa', 5, 'Nas', '111', 6, 'Slow Processing', 'ST101WS14', 1, 0, '2016-02-14 10:48:39'),
(49, '2011-92002', 'Arthur Armamento', 5, 'Nas', '111', 37, 'Sample', 'ST101WS02', 1, 0, '2016-02-15 11:06:00'),
(50, '2011-92002', 'Arthur Armamento', 5, 'Nas', '111', 11, 'Sadas', 'ST101WS00', 1, 1, '2016-02-15 11:26:59'),
(51, '2013-29201', 'George Villahermosa', 5, 'Nas', '111', 15, 'Asdasd', 'ST101WS01', 1, 0, '2016-02-15 11:51:40'),
(52, '2011-92002', 'Arthur Armamento', 5, 'Nas', '111', 31, 'Asdasd', 'ST101WS01', 1, 0, '2016-02-15 11:52:45'),
(53, '2013-29201', 'George Villahermosa', 5, 'Nas', '111', 32, 'Asd', 'ST101WS03', 1, 0, '2016-02-15 11:54:18'),
(54, '2013-29201', 'George Villahermosa', 5, 'Nas', '111', 31, 'Asd', 'ST101WS05', 1, 0, '2016-02-15 12:03:14'),
(55, '2011-92002', 'Arthur Armamento', 5, 'Nas', '111', 40, 'Asd', 'ST101WS01', 1, 0, '2016-02-15 12:03:43'),
(56, '2011-92002', 'Arthur Armamento', 5, 'Nas', '111', 33, 'Asdasdasd', 'ST101WS07', 1, 0, '2016-02-15 12:04:13'),
(57, '2013-29201', 'George Villahermosa', 5, 'Nas', '111', 33, 'Asdasd', 'ST101WS01', 1, 1, '2016-02-15 12:04:53');

-- --------------------------------------------------------

--
-- Table structure for table `service_order_acceptance`
--

CREATE TABLE IF NOT EXISTS `service_order_acceptance` (
  `ref_no` int(11) NOT NULL,
  `received_by` varchar(255) DEFAULT NULL,
  `assigned_to` int(255) NOT NULL,
  `designate_to` int(225) DEFAULT NULL,
  `date_reported` varchar(255) NOT NULL,
  `time_reported` varchar(255) NOT NULL,
  PRIMARY KEY (`ref_no`)
) ENGINE=InnoDB DEFAULT CHARSET=latin1;

--
-- Dumping data for table `service_order_acceptance`
--

INSERT INTO `service_order_acceptance` (`ref_no`, `received_by`, `assigned_to`, `designate_to`, `date_reported`, `time_reported`) VALUES
(1, '14', 2, NULL, '2013-06-18', '8:02 AM'),
(2, '14', 4, NULL, '2013-06-17', '9:02 AM'),
(3, '24', 5, NULL, '2013-06-17', '9:14 AM'),
(4, '24', 2, NULL, '2013-03-15', '8:14 AM'),
(5, '14', 2, NULL, '2013-03-25', '2:02 PM'),
(6, '14', 5, NULL, '2013-01-10', '2:02 PM'),
(7, '7', 2, NULL, '2013-03-11', '7:10 PM'),
(8, '7', 2, NULL, '2013-02-06', '7:45 PM'),
(9, '24', 4, NULL, '2013-02-08', '02:02 PM'),
(10, '7', 4, NULL, '2013-09-10', '02:02 PM'),
(11, '17', 4, NULL, '2013-09-03', '2:02 PM'),
(12, '17', 4, NULL, '2013-09-03', '02:02 PM'),
(13, '19', 4, NULL, '2013-06-25', '3:02 PM'),
(14, '7', 2, NULL, '2014-01-17', '03:02 PM'),
(15, '7', 2, NULL, '2013-12-04', '3:02 PM'),
(16, '19', 2, NULL, '2013-01-15', '03:02 PM'),
(17, '19', 2, NULL, '2014-02-08', '03:02 PM'),
(18, '20', 3, NULL, '2014-09-22', '3:02 PM'),
(19, '21', 2, NULL, '2014-11-11', '03:02 PM'),
(20, '25', 2, NULL, '2014-11-10', '03:02 PM'),
(21, '24', 2, NULL, '2013-03-07', '03:02 PM'),
(22, '24', 4, NULL, '2013-03-11', '4:02 PM'),
(23, '19', 2, NULL, '2013-03-04', '04:02 PM'),
(24, '19', 2, NULL, '2013-03-15', '04:02 PM'),
(25, '3', 5, NULL, '2013-03-12', '4:02 PM'),
(26, '5', 5, NULL, '2013-01-31', '2:02 PM'),
(27, '17', 4, NULL, '2013-01-30', '1:30 PM'),
(28, '20', 2, NULL, '2013-01-07', '04:02 PM'),
(29, '19', 2, NULL, '2013-01-07', '04:02 PM'),
(30, '19', 2, NULL, '2013-01-09', '10:30 AM'),
(31, '14', 2, NULL, '2013-01-18', '9:30 AM'),
(32, '15', 2, NULL, '2013-01-22', '11:02 AM'),
(33, '19', 2, NULL, '2014-01-15', '04:02 PM'),
(34, '7', 2, NULL, '2014-12-10', '5:02 PM'),
(35, '17', 2, NULL, '2013-12-11', '11:02 AM'),
(36, '15', 4, NULL, '2013-12-23', '11:02 AM'),
(37, '19', 3, NULL, '2013-12-19', '11:02 AM'),
(38, '17', 3, NULL, '2013-12-18', '11:02 AM'),
(39, '24', 3, NULL, '2013-02-06', '11:02 AM'),
(40, '17', 3, NULL, '2013-06-18', '11:02 AM'),
(41, '21', 2, NULL, '2014-01-22', '11:02 AM'),
(42, '20', 3, NULL, '2014-02-13', '11:02 AM'),
(43, '7', 2, NULL, '2014-02-20', '11:02 AM'),
(44, '21', 2, NULL, '2014-09-22', '11:02 AM'),
(45, '20', 2, NULL, '2014-09-18', '11:02 AM'),
(46, '3', 2, NULL, '2014-09-26', '11:02 AM'),
(47, '22', 2, NULL, '2014-11-19', '11:02 AM'),
(48, '18', 3, NULL, '2014-12-19', '11:02 AM'),
(49, '1', 1, NULL, '2016-02-15', '12:02 PM'),
(50, '1', 1, NULL, '2016-02-15', '12:02 PM'),
(51, '1', 3, NULL, '2016-02-15', '12:02 PM'),
(52, '2', 1, NULL, '2016-02-15', '12:02 PM'),
(53, '1', 1, NULL, '2016-02-15', '12:02 PM'),
(54, '1', 1, NULL, '2016-02-15', '1:02 PM'),
(55, '1', 1, NULL, '2016-02-15', '1:02 PM'),
(56, '1', 1, NULL, '2016-02-15', '1:02 PM'),
(57, '1', 1, NULL, '2016-02-15', '1:02 PM');

-- --------------------------------------------------------

--
-- Table structure for table `service_order_completion`
--

CREATE TABLE IF NOT EXISTS `service_order_completion` (
  `ref_no` int(11) NOT NULL,
  `date_finished` varchar(255) DEFAULT NULL,
  `time_finished` varchar(255) DEFAULT NULL,
  `date_replaced` varchar(2555) NOT NULL,
  `time_replaced` varchar(255) NOT NULL,
  `completed_by` int(11) NOT NULL,
  `unit_status` varchar(255) NOT NULL DEFAULT 'under repair',
  `action_taken` varchar(255) DEFAULT NULL,
  `returned_to` varchar(255) DEFAULT NULL,
  `property_clerk` varchar(255) DEFAULT NULL,
  `property_date_received` varchar(255) DEFAULT NULL,
  `status` varchar(255) NOT NULL DEFAULT 'open',
  PRIMARY KEY (`ref_no`)
) ENGINE=InnoDB DEFAULT CHARSET=latin1;

--
-- Dumping data for table `service_order_completion`
--

INSERT INTO `service_order_completion` (`ref_no`, `date_finished`, `time_finished`, `date_replaced`, `time_replaced`, `completed_by`, `unit_status`, `action_taken`, `returned_to`, `property_clerk`, `property_date_received`, `status`) VALUES
(1, '2013-07-18', '8:57 AM', '2016-02-10', '8:58 PM', 2, 'repaired', 'Replaced with service unit\r\nSerial Number: 9QF1WGJ5\r\nBrand: Seagate', 'Patrick Gimena', 'Christian Ricaplaza', '2013-07-17', 'close'),
(2, '2013-06-17', '11:38 AM', '', '', 15, 'repaired', 'Repaired OS\r\nTest Run', 'Arthur Armamento', NULL, NULL, 'close'),
(3, '2013-06-17', '9:06 PM', '', '', 5, 'repaired', 'Repair Windows 7\r\nTest\r\nOk', 'Kervin Antigua', NULL, NULL, 'close'),
(4, '2013-03-18', '9:10 AM', '2013-03-11', '9:12 AM', 2, 'repaired', 'Checked System Unit PSU (Ok), Can''t Load BIOS, Restart After 8 Minute, Under Warranty and Found that the 1st 64K Base Memory Defective\r\n\r\nReplace System Unit', 'Tubigon', 'Christian Ricaplaza', '2013-03-18', 'close'),
(5, '2013-04-02', '9:15 AM', '', '', 2, 'repaired', 'Printer S/n: VNC4W80934, Borrow Printer for Grades HP Laser Jet P1102 S/n: VNC4W80934 with power cord and printer cable', 'Dexter Cabije', NULL, NULL, 'close'),
(6, '2013-01-24', '9:17 AM', '2013-01-24', '9:19 AM', 5, 'repaired', 'Defective\r\nDell LCD E2311HF \r\nS/N: CN-0FWRNR-72872-1C6-AH8L\r\n\r\nREPLACE: \r\nS/N CN-OFG9YH-72872-282-AJLL \r\nNEW DELL MONITOR', 'Patrick Gimena', 'Christian Ricaplaza', '2013-01-24', 'close'),
(7, '2013-03-11', '9:26 PM', '', '', 7, 'repaired', 'Reinstall OS\r\nInstall Applications\r\nTest Run\r\nOk', 'Kervin Antigua', NULL, NULL, 'close'),
(8, '2013-02-06', '8:32 PM', '', '', 7, 'repaired', 'Replace Power Supply with Service Unit, Discharged, Test and Ok', 'Michael Amaleona', NULL, NULL, 'close'),
(9, '2013-02-08', '2:38 PM', '2013-02-09', '9:47 AM', 7, 'repaired', 'Found Out Power Supply was Defective, Replace Power Supply with Service Unit, Test and Ok', 'Michael Amaleona', 'Christian Ricaplaza', '2013-02-09', 'close'),
(10, '2013-09-10', '3:52 PM', '', '', 4, 'repaired', 'Discharge System Unit\r\nTest\r\nOk', 'Arthur Armamento', NULL, NULL, 'close'),
(11, '2013-09-03', '4:56 PM', '', '', 4, 'repaired', 'Change Sata Connector, Test , Ok', 'Arthur Armamento', NULL, NULL, 'close'),
(12, '2013-09-03', '5:59 PM', '', '', 4, 'repaired', 'Clean Memory, Test , Ok', 'Arthur Armamento', NULL, NULL, 'close'),
(13, '2013-06-25', '6:02 AM', '', '', 4, 'repaired', 'Replace Keyboard In service Unit', 'Michael Amaleona', NULL, NULL, 'close'),
(14, '2014-01-17', '5:00 PM', '', '', 7, 'repaired', 'need replacement\r\nreplaced with service unit', 'Michael Amaleona', NULL, NULL, 'close'),
(15, '2013-12-06', '10:20 AM', '2014-01-07', '10:21 AM', 2, 'repaired', 'Replaced HDD S/N: 9QF20RZG "Seagate" 320Gb', 'Michael Amaleona', 'Christian Ricaplaza', '2014-01-07', 'close'),
(16, '2013-01-16', '10:30 AM', '', '', 7, 'repaired', 'Replace with new monitor\r\nModel: E2311HF\r\nS/N:0FG9YH-72872-28G-AAUL\r\nReplace at L21WS10', 'Michael Amaleona', NULL, NULL, 'close'),
(17, '2014-02-10', '10:42 AM', '', '', 19, 'repaired', 'Replace with Service Unit\r\nOk', 'Michael Amaleona', NULL, NULL, 'close'),
(18, '2014-09-22', '5:49 PM', '2014-09-22', '5:50 PM', 20, 'repaired', 'Replaced With Service Unit ', 'Michael Amaleona', 'Mitch Delantar', '2016-02-10', 'close'),
(19, '2014-11-12', '10:53 AM', '2014-11-12', '10:54 AM', 2, 'repaired', 'Found Out Defective Power Supply\r\nReplace with Service Unit', 'Michael Amaleona', 'Mitch Delantar', '2014-11-12', 'close'),
(20, '2014-11-11', '10:58 AM', '', '', 2, 'repaired', 'Replaced Power Supply Service Unit', 'Michael Amaleona', NULL, NULL, 'close'),
(21, '2013-03-07', '4:07 PM', '2013-03-07', '4:08 PM', 24, 'repaired', 'Found out power supply was defective, replaced with service unit, test ok', 'Arthur Armamento', 'Mitch Delantar', '2013-03-07', 'close'),
(22, '2013-03-11', '5:13 PM', '', '', 4, 'repaired', 'Clean Motherboard, Clean RAM, Test and ok', 'Johnalyn L. Figueras', NULL, NULL, 'close'),
(23, '2013-03-04', '6:16 PM', '', '', 2, 'repaired', 'Replace Turn on and Restart Button', 'Michael Amaleona', NULL, NULL, 'close'),
(24, '2013-03-15', '6:19 PM', '2013-03-16', '8:20 AM', 2, 'repaired', 'Replace with Service Unit Power Supply', 'George Villahermosa', 'Christian Ricaplaza', '2013-03-16', 'close'),
(25, '2013-03-16', '11:27 AM', '', '', 5, 'repaired', 'Copy Octave File to Drive "C", Ok', 'Michael Amaleona', NULL, NULL, 'close'),
(26, '2013-01-31', '5:33 PM', '', '', 5, 'repaired', 'Installed MS Office 2010, Activated, Tested and Ok', 'Gerry Payla Jr.', NULL, NULL, 'close'),
(27, '2013-01-31', '9:38 AM', '', '', 4, 'repaired', 'Updated Anti-Virus, Scan for Virus amd Delete User Profile', 'Arthur Armamento', NULL, NULL, 'close'),
(28, '2013-01-08', '11:42 AM', '', '', 2, 'repaired', 'model no. : E2211HB\r\nS/N: CN-0YDGTD-74261-1BS-0DVL', 'Arthur Armamento', NULL, NULL, 'close'),
(29, '2013-01-08', '11:45 AM', '', '', 2, 'repaired', 'Replace by DELL LCD Monitor WS42\r\nS/N: CN-0FG9YH-72872-257-03HL AT L21WS21', 'Arthur Armamento', NULL, NULL, 'close'),
(30, '2013-01-10', '11:47 AM', '', '', 2, 'repaired', 'Replace by DELL LCD MONITOR WS41\r\nS/N:CN-0FG9YH-72872-274-AK6L New DELL MONITOR', 'Arthur Armamento', NULL, NULL, 'close'),
(31, '2013-01-18', '11:50 AM', '', '', 2, 'repaired', 'Re Install Chrome', 'Patrick Gemina', NULL, NULL, 'close'),
(32, '2013-01-23', '8:53 AM', '', '', 2, 'repaired', 'Scan Virus\r\nUpdate Avast\r\nTest ok', 'Noe Lopez', NULL, NULL, 'close'),
(33, '2014-01-16', '12:05 AM', '', '', 2, 'repaired', 'Clean Ram \r\nTest Ok', 'George Villahermosa', NULL, NULL, 'close'),
(34, '2014-12-19', '12:16 AM', '', '', 2, 'repaired', 'Reformat\r\nInstall Applications\r\nTest OK', 'Gerry Payla Jr.', NULL, NULL, 'close'),
(35, '2013-12-11', '6:23 PM', '', '', 2, 'repaired', 'Reinstalled Chrome\r\ntest ok', 'Jerry Payla', NULL, NULL, 'close'),
(36, '2016-02-14', '6:27 PM', '', '', 4, 'repaired', 'ReInstalled Dev C++', 'Kervin Antigua', NULL, NULL, 'close'),
(37, '2013-12-30', '6:28 PM', '', '', 3, 'repaired', 'Activate MS office', 'George Villahermosa', NULL, NULL, 'close'),
(38, '2013-12-26', '6:28 PM', '', '', 3, 'repaired', 'ReInstalled Textpad', 'Kervin Antigua', NULL, NULL, 'close'),
(39, '2013-02-22', '6:31 PM', '', '', 3, 'repaired', 'Activate MS office', 'Mc Jeve Gindap', NULL, NULL, 'close'),
(40, '2013-06-27', '6:33 PM', '', '', 3, 'repaired', 'Lose connection of cable.\r\nReconnect VGA cable', 'Kervin Antigua', NULL, NULL, 'close'),
(41, '2014-01-23', '6:35 PM', '', '', 2, 'repaired', 'Install Adobe Shockwave\r\ntest ok', 'Mc Jeve Gindap', NULL, NULL, 'close'),
(42, '2014-02-27', '6:37 PM', '', '', 3, 'repaired', 'Reinstall Firefox', 'Mc Jeve Gindap', NULL, NULL, 'close'),
(43, '2014-02-27', '6:39 PM', '', '', 2, 'repaired', 'Activate Autocad', 'Arthur Armamento', NULL, NULL, 'close'),
(44, '2014-09-26', '6:42 PM', '', '', 2, 'repaired', 'Reinstall Dev C++', 'Mc Jeve Gindap', NULL, NULL, 'close'),
(45, '2014-09-10', '6:42 PM', '', '', 2, 'repaired', 'Disconnected USB port', 'Mc Jeve Gindap', NULL, NULL, 'close'),
(46, '2016-02-14', '6:42 PM', '', '', 20, 'repaired', 'Change CMOS Battery', 'Mc Jeve Gindap', NULL, NULL, 'close'),
(47, '2016-02-14', '6:49 PM', '', '', 21, 'repaired', 'Test Run ok', 'Mc Jeve Gindap', NULL, NULL, 'close'),
(48, '2014-12-25', '6:49 PM', '', '', 3, 'repaired', 'test run ok', 'Mc Jeve Gindap', NULL, NULL, 'close'),
(49, NULL, NULL, '', '', 0, 'under repair', NULL, NULL, NULL, NULL, 'open'),
(50, NULL, NULL, '', '', 0, 'under repair', NULL, NULL, NULL, NULL, 'void'),
(51, NULL, NULL, '', '', 0, 'under repair', NULL, NULL, NULL, NULL, 'open'),
(52, NULL, NULL, '', '', 0, 'under repair', NULL, NULL, NULL, NULL, 'open'),
(53, NULL, NULL, '', '', 0, 'under repair', NULL, NULL, NULL, NULL, 'open'),
(54, NULL, NULL, '', '', 0, 'under repair', NULL, NULL, NULL, NULL, 'open'),
(55, NULL, NULL, '', '', 0, 'under repair', NULL, NULL, NULL, NULL, 'open'),
(56, NULL, NULL, '', '', 0, 'under repair', NULL, NULL, NULL, NULL, 'open'),
(57, NULL, NULL, '', '', 0, 'under repair', NULL, NULL, NULL, NULL, 'open');

-- --------------------------------------------------------

--
-- Table structure for table `service_order_timeline`
--

CREATE TABLE IF NOT EXISTS `service_order_timeline` (
  `ref_no` int(11) NOT NULL,
  `if_inverted` tinyint(255) DEFAULT NULL,
  `color` varchar(255) DEFAULT NULL,
  PRIMARY KEY (`ref_no`)
) ENGINE=InnoDB DEFAULT CHARSET=latin1;

--
-- Dumping data for table `service_order_timeline`
--

INSERT INTO `service_order_timeline` (`ref_no`, `if_inverted`, `color`) VALUES
(1, 1, 'lightBlue'),
(2, 1, 'teal'),
(3, 1, 'magenta'),
(4, 0, 'cyan'),
(5, 0, 'green'),
(6, 0, 'darkCobalt'),
(7, 0, 'darkViolet'),
(8, 0, 'darkBlue'),
(9, 1, 'darkGreen'),
(10, 0, 'darker'),
(11, 0, 'darkBlue'),
(12, 1, 'darkCyan'),
(13, 0, 'darkPink'),
(14, 1, 'olive'),
(15, 1, 'darkCyan'),
(16, 0, 'steel'),
(17, 0, 'darkViolet'),
(18, 0, 'olive'),
(19, 0, 'lightTeal'),
(20, 1, 'darkTeal'),
(21, 0, 'lightGreen'),
(22, 0, 'lightOlive'),
(23, 0, 'pink'),
(24, 0, 'lime'),
(25, 1, 'taupe'),
(26, 0, 'cobalt'),
(27, 0, 'darkCobalt'),
(28, 1, 'green'),
(29, 1, 'lightRed'),
(30, 0, 'darkRed'),
(31, 0, 'darkPink'),
(32, 0, 'lightOrange'),
(33, 1, 'amber'),
(34, 0, 'darker'),
(35, 0, 'olive'),
(36, 1, 'lightOlive'),
(37, 0, 'steel'),
(38, 0, 'darkOrange'),
(39, 1, 'taupe'),
(40, 1, 'taupe'),
(41, 1, 'lightTeal'),
(42, 0, 'darkPink'),
(43, 1, 'lightTeal'),
(44, 1, 'darkCobalt'),
(45, 1, 'darker'),
(46, 1, 'cyan'),
(47, 1, 'darkBlue'),
(48, 1, 'darkGreen'),
(49, 0, 'mauve'),
(50, 1, 'darkPink'),
(51, 0, 'darkOrange'),
(52, 1, 'lightOrange'),
(53, 1, 'emerald'),
(54, 0, 'brown'),
(55, 0, 'brown'),
(56, 1, 'magenta'),
(57, 0, 'red');

-- --------------------------------------------------------

--
-- Table structure for table `users`
--

CREATE TABLE IF NOT EXISTS `users` (
  `id` int(11) NOT NULL AUTO_INCREMENT,
  `emp_id` varchar(255) NOT NULL,
  `password` varchar(255) NOT NULL,
  `firstname` varchar(255) NOT NULL,
  `lastname` varchar(255) NOT NULL,
  `user_type` varchar(255) NOT NULL,
  `access_rights` varchar(255) DEFAULT NULL,
  `cluster_id` varchar(255) NOT NULL,
  `avatar` varchar(255) NOT NULL DEFAULT 'assets/images/avatars/default_profile.png',
  `status` varchar(255) NOT NULL DEFAULT 'active',
  `contact_no` varchar(255) DEFAULT NULL,
  `last_login` varchar(255) DEFAULT NULL,
  `if_pass_changed` tinyint(4) NOT NULL DEFAULT '0',
  `date_added` timestamp NOT NULL DEFAULT CURRENT_TIMESTAMP,
  PRIMARY KEY (`id`),
  UNIQUE KEY `emp_id` (`emp_id`)
) ENGINE=InnoDB  DEFAULT CHARSET=latin1 AUTO_INCREMENT=26 ;

--
-- Dumping data for table `users`
--

INSERT INTO `users` (`id`, `emp_id`, `password`, `firstname`, `lastname`, `user_type`, `access_rights`, `cluster_id`, `avatar`, `status`, `contact_no`, `last_login`, `if_pass_changed`, `date_added`) VALUES
(1, 'CIT121', '7c4a8d09ca3762af61e59520943dc26494f8941b', 'Rolando', 'Tindoy', 'superadmin', 'ultimate_control', '5', 'assets/images/avatars/default_profile.png', 'active', '111', '2016-02-15 12:03:51', 0, '2016-01-16 06:23:02'),
(2, 'CIT144', '7c4a8d09ca3762af61e59520943dc26494f8941b', 'Dexter', 'Cabije', 'administrator', 'full_control', '5', 'assets/images/avatars/default_profile.png', 'active', '111', '2016-02-05 19:42:09', 0, '2016-01-16 06:23:02'),
(3, 'CIT145', '7c4a8d09ca3762af61e59520943dc26494f8941b', 'Brian', 'Ferolino', 'administrator', 'full_control', '5', 'assets/images/avatars/default_profile.png', 'active', '111', '2016-01-17 00:03:49', 0, '2016-01-16 06:23:02'),
(4, 'CIT146', '7c4a8d09ca3762af61e59520943dc26494f8941b', 'Angelo', 'Ilagan', 'administrator', 'full_control', '5', 'assets/images/avatars/default_profile.png', 'active', '111', NULL, 0, '2016-01-16 06:23:02'),
(5, 'CIT147', '7c4a8d09ca3762af61e59520943dc26494f8941b', 'Jonathan', 'Pacana', 'administrator', 'full_control', '5', 'assets/images/avatars/default_profile.png', 'active', '111', NULL, 0, '2016-01-16 06:23:02'),
(7, 'CIT2008-80245', '7c4a8d09ca3762af61e59520943dc26494f8941b', 'Michael', 'Amaleona', 'encoder', 'add', '5', 'assets/images/avatars/default_profile.png', 'active', '09325421343', '2016-02-10 17:40:42', 0, '2016-01-24 10:23:57'),
(8, 'CIT4395', '7c4a8d09ca3762af61e59520943dc26494f8941b', 'Arther', 'Cabardo', 'viewer', 'view', '1', 'assets/images/avatars/default_profile.png', 'active', '09389278271', '2016-01-30 22:49:42', 0, '2016-01-24 11:35:15'),
(9, 'CIT910', '7c4a8d09ca3762af61e59520943dc26494f8941b', 'Glen', 'Casipong', 'viewer', 'view', '1', 'assets/images/avatars/default_profile.png', 'active', '09989728371', '2016-01-25 09:46:11', 0, '2016-01-25 08:45:42'),
(10, 'CIT2010-02640', '7c4a8d09ca3762af61e59520943dc26494f8941b', 'Edmar', 'Marinduque', 'encoder', 'add', '5', 'assets/images/avatars/default_profile.png', 'active', '111', '2016-02-01 10:03:32', 0, '2016-02-01 01:51:54'),
(13, 'CIT110', '7c4a8d09ca3762af61e59520943dc26494f8941b', 'Larmie', 'Feluscuzo', 'viewer', 'view', '1', 'assets/images/avatars/default_profile.png', 'active', '110', NULL, 0, '2016-02-10 12:27:55'),
(14, 'CIT2008-81902', '7c4a8d09ca3762af61e59520943dc26494f8941b', 'Patrick', 'Gimena', 'encoder', 'add_edit', '5', 'assets/images/avatars/default_profile.png', 'active', '111', NULL, 0, '2016-02-10 12:46:50'),
(15, 'CIT2011-92002', '7c4a8d09ca3762af61e59520943dc26494f8941b', 'Arthur', 'Armamento', 'encoder', 'add_edit', '5', 'assets/images/avatars/default_profile.png', 'active', '111', NULL, 0, '2016-02-10 12:47:16'),
(16, 'CIT2013-29022', '7c4a8d09ca3762af61e59520943dc26494f8941b', 'Jey Nino', 'Abadilla', 'encoder', 'add_edit', '5', 'assets/images/avatars/default_profile.png', 'active', '111', NULL, 0, '2016-02-10 12:47:47'),
(17, 'CIT2012-29029', '7c4a8d09ca3762af61e59520943dc26494f8941b', 'Kervin', 'Antigua', 'encoder', 'add_edit', '5', 'assets/images/avatars/default_profile.png', 'active', '111', NULL, 0, '2016-02-10 12:48:16'),
(18, 'CIT2008-29029', '7c4a8d09ca3762af61e59520943dc26494f8941b', 'Julando', 'Diofilo', 'encoder', 'add_edit', '5', 'assets/images/avatars/default_profile.png', 'active', '111', NULL, 0, '2016-02-10 12:48:58'),
(19, 'CIT2013-29201', '7c4a8d09ca3762af61e59520943dc26494f8941b', 'George', 'Villahermosa', 'encoder', 'add_edit', '5', 'assets/images/avatars/default_profile.png', 'active', '111', NULL, 0, '2016-02-10 12:49:27'),
(20, 'CIT2011-29021', '7c4a8d09ca3762af61e59520943dc26494f8941b', 'Mc Jeve', 'Gindap', 'encoder', 'add_edit', '5', 'assets/images/avatars/default_profile.png', 'active', '111', NULL, 0, '2016-02-10 12:49:58'),
(21, 'CIT2011-2929', '7c4a8d09ca3762af61e59520943dc26494f8941b', 'Jeson', 'Pepito', 'encoder', 'add_edit', '5', 'assets/images/avatars/default_profile.png', 'active', '111', NULL, 0, '2016-02-10 12:50:27'),
(22, 'CIT2013-29910', '7c4a8d09ca3762af61e59520943dc26494f8941b', 'Noe', 'Lopez', 'encoder', 'add_edit', '5', 'assets/images/avatars/default_profile.png', 'active', '111', NULL, 0, '2016-02-10 12:50:55'),
(23, 'CIT2010-29010', '7c4a8d09ca3762af61e59520943dc26494f8941b', 'Christian Denver', 'Solis', 'encoder', 'add_edit', '5', 'assets/images/avatars/default_profile.png', 'active', '111', NULL, 0, '2016-02-10 12:51:31'),
(24, 'CIT2011-92921', '7c4a8d09ca3762af61e59520943dc26494f8941b', 'Joseph', 'Montanez', 'encoder', 'add_edit', '5', 'assets/images/avatars/default_profile.png', 'active', '111', NULL, 0, '2016-02-10 12:52:01'),
(25, 'CIT2012-2929', '7c4a8d09ca3762af61e59520943dc26494f8941b', 'Franz', 'David', 'encoder', 'add_edit', '5', 'assets/images/avatars/default_profile.png', 'active', '111', NULL, 0, '2016-02-10 12:52:40');

--
-- Constraints for dumped tables
--

--
-- Constraints for table `classrooms`
--
ALTER TABLE `classrooms`
  ADD CONSTRAINT `classrooms_ibfk_1` FOREIGN KEY (`room_id`) REFERENCES `rooms` (`room_id`) ON DELETE CASCADE;

--
-- Constraints for table `clusters`
--
ALTER TABLE `clusters`
  ADD CONSTRAINT `clusters_ibfk_1` FOREIGN KEY (`room_id`) REFERENCES `rooms` (`room_id`) ON DELETE CASCADE;

--
-- Constraints for table `computer_designation`
--
ALTER TABLE `computer_designation`
  ADD CONSTRAINT `computer_designation_ibfk_1` FOREIGN KEY (`computer_id`) REFERENCES `computers` (`computer_id`) ON DELETE CASCADE;

--
-- Constraints for table `service_order_acceptance`
--
ALTER TABLE `service_order_acceptance`
  ADD CONSTRAINT `service_order_acceptance_ibfk_1` FOREIGN KEY (`ref_no`) REFERENCES `service_order` (`ref_no`) ON DELETE CASCADE;

--
-- Constraints for table `service_order_completion`
--
ALTER TABLE `service_order_completion`
  ADD CONSTRAINT `service_order_completion_ibfk_1` FOREIGN KEY (`ref_no`) REFERENCES `service_order` (`ref_no`) ON DELETE CASCADE;

--
-- Constraints for table `service_order_timeline`
--
ALTER TABLE `service_order_timeline`
  ADD CONSTRAINT `service_order_timeline_ibfk_1` FOREIGN KEY (`ref_no`) REFERENCES `service_order` (`ref_no`) ON DELETE CASCADE;

/*!40101 SET CHARACTER_SET_CLIENT=@OLD_CHARACTER_SET_CLIENT */;
/*!40101 SET CHARACTER_SET_RESULTS=@OLD_CHARACTER_SET_RESULTS */;
/*!40101 SET COLLATION_CONNECTION=@OLD_COLLATION_CONNECTION */;
